epoch,step,train_accuracy,train_loss,val_accuracy,val_loss,phdim_0,e_alpha
0.0,4.0,14.100000634789469,761.7917098999023,13.58620822429657,352.0670471191406,,
1.0,8.0,15.50000049173832,308.4103546142578,15.413793921470642,288.1404724121094,,
2.0,12.0,16.200000792741776,272.84971618652344,13.76207023859024,239.5789031982422,,
3.0,16.0,14.250000566244124,204.2990493774414,11.567241698503494,163.30059814453125,,
4.0,20.0,11.900000274181366,142.46172332763672,11.510345339775084,126.04621124267578,,
5.0,24.0,12.150000594556332,116.789701461792,12.096552550792694,113.38423919677734,,
6.0,28.0,12.550000287592413,105.33562088012695,12.10000067949295,102.94700622558594,,
7.0,32.0,12.25000023841858,92.8476104736328,11.882758885622025,90.04227447509766,,
8.0,36.0,11.950000561773775,79.41800117492676,11.415518075227736,79.85921478271484,,
9.0,40.0,11.300000548362732,70.14611053466797,11.065518110990524,74.19683074951172,,
10.0,44.0,11.050000227987766,64.90757083892822,11.0051728785038,70.02799987792969,,
11.0,48.0,11.150000616908072,60.33404350280762,11.151725053787231,65.48741912841797,,
12.0,52.0,11.350000277161598,55.58659362792969,11.429310590028765,61.10791015625,,
13.0,56.0,12.000000476837158,51.42566394805908,11.81206926703453,57.62577819824219,,
14.0,60.0,12.250000424683094,48.16234302520752,12.1827594935894,54.86283493041992,,
15.0,64.0,12.450000643730164,45.474244117736816,12.436207383871078,52.3720932006836,,
16.0,68.0,12.650000490248203,42.92861557006836,12.467242032289503,50.06705093383789,,
17.0,72.0,12.850000523030758,40.60426902770996,12.544828653335571,48.02248764038086,,
18.0,76.0,12.850000150501728,38.52157974243164,12.67586201429367,46.1988639831543,,
19.0,80.0,13.150000385940077,36.6899299621582,12.6948282122612,44.5009880065918,,
20.0,84.0,13.300000503659248,34.99747371673584,12.736207246780396,42.90818786621094,,
21.0,88.0,13.350000604987144,33.42794466018677,12.784484028816223,41.397491455078125,,
22.0,92.0,13.15000057220459,31.981678009033203,12.781034409999847,40.018985748291016,,
23.0,96.0,13.200000673532486,30.668673038482662,12.872414290905,38.742454528808594,,
24.0,100.0,13.000000640749931,29.44550466537476,12.906897068023682,37.57049560546875,,
25.0,104.0,13.15000057220459,28.32018566131592,12.872414290905,36.48313522338867,,
26.0,108.0,13.300000876188278,27.285457134246823,12.887932360172272,35.47093963623047,,
27.0,112.0,13.050000369548798,26.318030834198,12.858621776103972,34.518245697021484,,
28.0,116.0,13.0000002682209,25.40360450744629,12.818966805934906,33.61891174316406,,
29.0,120.0,13.000000454485416,24.52901077270508,12.829311192035677,32.759979248046875,,
30.0,124.0,13.000000827014446,23.71558380126953,12.849999964237211,31.944393157958984,,
31.0,128.0,13.100000843405724,22.939041137695312,12.848275899887083,31.174070358276367,,
32.0,132.0,13.200000673532486,22.215951919555664,12.849999964237211,30.44393920898437,,
33.0,136.0,13.15000057220459,21.52431917190552,12.820690870285034,29.73374557495117,,
34.0,140.0,13.200000859797,20.873146057128903,12.818966805934906,29.0572452545166,,
35.0,144.0,12.900000624358654,20.246400356292725,12.884482741355896,28.43012428283692,,
36.0,148.0,13.15000057220459,19.65725564956665,12.943103909492493,27.820032119750977,,
37.0,152.0,13.5500006377697,19.095272541046143,12.929311394691467,27.234996795654297,,
38.0,156.0,13.450000435113909,18.563811779022217,12.91724145412445,26.68788719177246,,
39.0,160.0,13.30000013113022,18.057127952575684,12.903448939323424,26.15697288513184,,
40.0,164.0,13.250000402331352,17.577513217926025,12.922415137290956,25.649229049682617,,
41.0,168.0,13.35000079125166,17.105709075927734,12.97413855791092,25.152379989624023,,
42.0,172.0,13.600000739097595,16.665069103240967,13.036207854747772,24.6749210357666,,
43.0,176.0,13.65000046789646,16.23383402824402,13.05689662694931,24.221593856811523,,
44.0,180.0,13.850000686943533,15.827393770217896,13.12241405248642,23.77860450744629,,
45.0,184.0,13.950000517070292,15.437355279922484,13.125862181186676,23.3511962890625,,
46.0,188.0,14.000000804662704,15.05368685722351,13.136208057403564,22.947799682617188,,
47.0,192.0,14.100000634789469,14.69775366783142,13.19655179977417,22.55508613586425,,
48.0,196.0,13.900000788271427,14.347360134124756,13.15000057220459,22.173139572143555,,
49.0,200.0,14.100000821053982,14.013592958450316,13.148276507854462,21.79719352722168,,
50.0,204.0,14.100000448524952,13.687435388565063,13.165518641471865,21.446313858032227,,
51.0,208.0,14.30000066757202,13.379193544387816,13.189655542373655,21.10533905029297,,
52.0,212.0,14.550000801682472,13.080564260482788,13.231034576892853,20.775117874145508,,
53.0,216.0,14.250000566244124,12.793269395828249,13.193103671073914,20.45755195617676,,
54.0,220.0,14.400000870227814,12.517826318740845,13.256897032260897,20.15140914916992,,
55.0,224.0,14.300000853836536,12.249130010604858,13.258621096611025,19.8527889251709,,
56.0,228.0,14.45000059902668,11.996217727661133,13.272415101528168,19.567630767822266,,
57.0,232.0,14.600000716745852,11.744967699050903,13.293103873729706,19.287351608276367,,
58.0,236.0,14.950000494718552,11.506061792373655,13.294827938079834,19.017942428588867,,
59.0,240.0,14.800001308321953,11.271986961364746,13.296552002429962,18.753734588623047,,
60.0,244.0,14.85000103712082,11.04748249053955,13.327586650848389,18.501399993896484,,
61.0,248.0,14.950000494718552,10.830754518508911,13.318966329097748,18.258588790893555,,
62.0,252.0,15.10000042617321,10.62061619758606,13.284483551979063,18.021339416503903,,
63.0,256.0,15.150000527501106,10.414437055587769,13.324138522148132,17.788299560546875,,
64.0,260.0,15.200000628829002,10.2164568901062,13.343104720115662,17.559335708618164,,
65.0,264.0,15.150000900030136,10.021859884262083,13.331034779548643,17.336597442626953,,
66.0,268.0,15.050000697374344,9.835577249526978,13.356897234916689,17.12542724609375,,
67.0,272.0,15.200000628829002,9.654576539993286,13.30689787864685,16.918724060058594,,
68.0,276.0,15.400001034140589,9.480651140213013,13.30000013113022,16.715282440185547,,
69.0,280.0,15.50000086426735,9.31092882156372,13.30862194299698,16.51566505432129,,
70.0,284.0,15.35000056028366,9.144627332687378,13.293103873729706,16.320222854614258,,
71.0,288.0,15.600000694394112,8.982536315917969,13.272415101528168,16.138504028320312,,
72.0,292.0,15.550000593066216,8.82442021369934,13.29827606678009,15.958456039428713,,
73.0,296.0,15.400000289082527,8.674928903579712,13.327586650848389,15.783242225646973,,
74.0,300.0,15.550000965595244,8.527852535247803,13.3637934923172,15.60793113708496,,
75.0,304.0,15.600000694394112,8.383112668991089,13.386207818984984,15.437341690063477,,
76.0,308.0,15.75000025331974,8.244083881378174,13.408620655536652,15.276238441467283,,
77.0,312.0,15.650000795722008,8.104632258415222,13.44655305147171,15.117562294006348,,
78.0,316.0,15.850000828504562,7.973720908164978,13.491380214691162,14.964214324951172,,
79.0,320.0,15.900000929832458,7.844515204429626,13.501724600791931,14.813165664672852,,
80.0,324.0,15.75000062584877,7.716248631477356,13.506896793842316,14.65824031829834,,
81.0,328.0,15.850000828504562,7.593903303146362,13.544827699661257,14.51243782043457,,
82.0,332.0,15.950000658631325,7.47357976436615,13.556897640228271,14.371885299682615,,
83.0,336.0,16.00000038743019,7.356373071670532,13.534483313560486,14.23112964630127,,
84.0,340.0,16.00000038743019,7.242721199989319,13.5293111205101,14.094569206237791,,
85.0,344.0,15.950000658631325,7.131762027740479,13.518966734409332,13.961865425109863,,
86.0,348.0,15.950000658631325,7.0226826667785645,13.510344922542572,13.83412265777588,,
87.0,352.0,16.00000075995922,6.917878866195679,13.5293111205101,13.706605911254885,,
88.0,356.0,16.200000420212746,6.815039753913879,13.553449511528015,13.582193374633787,,
89.0,360.0,16.15000031888485,6.713028192520142,13.600000739097595,13.464086532592772,,
90.0,364.0,16.350000724196434,6.613907814025879,13.620691001415253,13.345346450805664,,
91.0,368.0,16.200000420212746,6.517964959144592,13.610345125198364,13.227877616882324,,
92.0,372.0,16.300000622868538,6.423395991325378,13.656897842884064,13.112235069274902,,
93.0,376.0,16.350000724196434,6.332957744598389,13.66034597158432,13.002665519714355,,
94.0,380.0,16.050000488758087,6.241809844970703,13.650000095367432,12.897302627563477,,
95.0,384.0,16.100000590085983,6.152478694915772,13.701725006103516,12.793889999389648,,
96.0,388.0,16.050000488758087,6.065812349319458,13.689656555652618,12.68345546722412,,
97.0,392.0,16.15000069141388,5.9808350801467896,13.713793456554413,12.574549674987791,,
98.0,396.0,16.100000217556953,5.897822976112366,13.703449070453644,12.478130340576172,,
99.0,400.0,16.450000554323196,5.816636562347412,13.727587461471558,12.38040828704834,,
100.0,404.0,16.450000181794167,5.737536430358887,13.755172491073608,12.283451080322266,,
102.0,412.0,16.55000112950802,5.582725644111633,13.756896555423737,12.087132453918455,,
104.0,420.0,16.700000688433647,5.435644030570984,13.798277080059052,11.907830238342283,,
106.0,428.0,16.55000075697899,5.295708894729614,13.825862109661102,11.731950759887695,,
108.0,436.0,16.600000858306885,5.161479115486145,13.820689916610718,11.569615364074709,,
110.0,444.0,16.80000051856041,5.033159494400024,13.865518569946287,11.408217430114746,,
112.0,452.0,16.850000619888306,4.9101879596710205,13.932760059833528,11.264644622802734,,
114.0,460.0,17.100000753998756,4.791921615600586,13.970690965652466,11.115171432495115,,
116.0,468.0,17.100001126527786,4.678334712982178,13.987931609153748,10.973525047302246,,
118.0,476.0,17.05000065267086,4.569801688194275,14.008621871471403,10.840059280395508,,
120.0,484.0,17.05000065267086,4.463831663131714,14.081035554409029,10.71002960205078,,
122.0,492.0,17.150000482797623,4.363813281059265,14.072415232658386,10.579265594482422,,
124.0,500.0,17.350000515580177,4.2661391496658325,14.150001108646393,10.459460258483888,0.9240930676460266,13.1373
126.0,508.0,17.600001022219658,4.171285629272461,14.213794469833374,10.343012809753418,0.9164620637893676,11.666493
128.0,516.0,17.600001022219658,4.080781817436218,14.256897568702698,10.224533081054688,0.9525439739227296,10.693083
130.0,524.0,17.550000548362732,3.99193412065506,14.256897568702698,10.112560272216797,0.928578794002533,9.896377
132.0,532.0,17.600000649690628,3.906968295574188,14.29138034582138,10.005022048950195,1.1498678922653198,9.253761
134.0,540.0,17.45000071823597,3.8243640065193176,14.334483444690704,9.899858474731444,0.9132288694381714,8.876648
136.0,548.0,17.550000548362732,3.744908511638642,14.379310607910156,9.798320770263672,0.933526873588562,8.722097
138.0,556.0,17.70000085234642,3.668238997459412,14.40344899892807,9.696174621582031,0.902146577835083,8.485784
140.0,564.0,17.70000085234642,3.5945316553115845,14.45000022649765,9.601820945739746,1.0378053188323977,8.186062
142.0,572.0,17.800000682473183,3.5220595002174377,14.49482887983322,9.51217269897461,0.9377381801605223,8.037932
144.0,580.0,17.900000512599945,3.4520146250724792,14.472414553165436,9.41926383972168,1.0987309217453003,7.8115697
146.0,588.0,18.250000849366188,3.384137809276581,14.510345458984377,9.333674430847168,0.9516597986221312,7.752683
148.0,596.0,18.25000122189521,3.3184754252433777,14.527587592601776,9.2456636428833,0.8964333534240723,7.583452
150.0,604.0,18.20000074803829,3.253974437713623,14.537931978702543,9.164532661437988,0.8907209038734436,7.391731
153.0,616.0,18.450000882148743,3.162034153938293,14.622414112091064,9.042762756347656,0.8857166171073914,7.1871667
156.0,628.0,18.50000061094761,3.074393391609192,14.675863087177277,8.92927360534668,0.831475555896759,6.9323545
159.0,640.0,19.050000980496407,2.9905500411987305,14.653448760509493,8.819350242614746,0.9214916825294496,6.576299
162.0,652.0,19.200000911951065,2.909920036792755,14.7482767701149,8.710409164428711,0.8446736931800842,6.4886694
165.0,664.0,19.300000742077827,2.8326905965805054,14.782759547233582,8.606422424316406,0.807120144367218,6.2871237
168.0,676.0,19.65000070631504,2.7585936784744263,14.836207032203674,8.5084228515625,0.8433581590652466,6.1819253
171.0,688.0,19.65000070631504,2.687918245792389,14.846552908420565,8.409372329711914,0.791721761226654,5.998835
174.0,700.0,20.00000141561032,2.620408177375793,14.853449165821075,8.314945220947266,0.767764687538147,5.721526
177.0,712.0,20.20000107586384,2.554568350315094,14.937931299209597,8.226303100585938,0.8048503398895264,5.7261405
180.0,724.0,20.4000011086464,2.4919692873954773,14.972414076328278,8.143898010253906,0.7782925367355347,5.712289
183.0,736.0,20.900000631809235,2.431792497634888,15.031035244464874,8.055304527282715,0.7456859350204468,5.640055
186.0,748.0,20.800000801682472,2.3730968236923218,15.060345828533173,7.974067211151123,0.7926117181777954,5.629014
189.0,760.0,20.800000801682472,2.316493570804596,15.0913804769516,7.896069049835205,0.8885614275932312,5.405243
192.0,772.0,21.000000834465027,2.2624059319496155,15.160346031188965,7.819389820098877,0.7411171793937683,5.2071047
195.0,784.0,21.400000900030136,2.2093252539634705,15.215517580509186,7.744589805603027,0.7643443942070007,5.22967
198.0,796.0,21.60000130534172,2.15861850976944,15.23103564977646,7.677351951599121,0.6768396496772766,5.0939474
201.0,808.0,22.0000009983778,2.109739124774933,15.270690619945526,7.603179454803467,0.7571974396705627,4.9689465
205.0,824.0,22.350001335144043,2.046589970588684,15.300001204013824,7.513481140136719,0.7961626648902893,4.892891
209.0,840.0,22.55000062286853,1.9865793585777285,15.353448688983915,7.428250312805176,0.604333758354187,4.8011866
213.0,856.0,23.05000089108944,1.9295265078544617,15.429310500621796,7.342584609985352,0.656947672367096,4.771299
217.0,872.0,23.250001296401024,1.874738186597824,15.568965673446655,7.263272762298584,0.7749517560005188,4.632583
221.0,888.0,23.750000819563866,1.822221040725708,15.5655175447464,7.185371398925781,0.7312300801277161,4.4254584
225.0,904.0,23.85000102221965,1.77106711268425,15.586207807064056,7.107595920562744,0.7353706359863281,4.2489767
229.0,920.0,24.050001055002213,1.7228703796863556,15.605172514915466,7.032618999481201,0.773524284362793,4.218879
233.0,936.0,24.15000088512897,1.6762249171733856,15.632759034633636,6.965207099914551,0.7685691714286804,4.2554913
237.0,952.0,24.700001254677773,1.6315470933914185,15.686208009719849,6.89350700378418,0.7389642596244812,4.035332
241.0,968.0,25.150001049041748,1.5883803367614746,15.71379452943802,6.828279495239258,0.6594120860099792,3.8976276
245.0,984.0,25.40000155568123,1.5470996797084808,15.751725435256958,6.764379978179932,0.5445769429206848,3.77501
249.0,1000.0,25.50000101327896,1.507253348827362,15.79655259847641,6.700810432434082,0.6672514081001282,3.7172356
253.0,1016.0,26.05000138282776,1.4690434634685516,15.803448855876924,6.639586448669434,0.6119025945663452,3.6901433
258.0,1036.0,26.45000070333481,1.4228775799274445,15.822415053844452,6.566934585571289,0.6327519416809082,3.8178432
263.0,1056.0,26.750001311302185,1.3789644539356232,15.79655259847641,6.495291709899902,0.6337822675704956,3.6369936
268.0,1076.0,27.35000029206276,1.3369139730930328,15.8793106675148,6.427062034606934,0.5321798324584961,3.512284
273.0,1096.0,27.650000900030136,1.2967414557933807,15.9086212515831,6.361029624938965,0.5301656126976013,3.2729673
278.0,1116.0,28.050000965595245,1.2583095729351044,15.960346162319183,6.298254489898682,0.3156710565090179,3.060275
283.0,1136.0,28.35000082850456,1.2215072810649872,15.970690548419952,6.235757827758789,0.5064589977264404,3.0682075
288.0,1156.0,28.75000163912773,1.1862351894378662,15.994828939437866,6.17622709274292,0.4907278716564178,2.9845743
293.0,1176.0,29.350000619888306,1.15278822183609,16.03620797395706,6.118594169616699,0.5579140186309814,2.909274
298.0,1196.0,29.850001633167267,1.1202436983585358,16.06551855802536,6.061499118804932,0.3285738825798034,2.9092739
303.0,1216.0,30.20000159740448,1.0887825191020966,16.100001335144043,6.007715702056885,0.3700343370437622,2.706126
309.0,1240.0,30.550001561641693,1.0533941388130188,16.172415018081665,5.946505069732666,0.5598341226577759,2.7107406
315.0,1264.0,31.450001150369644,1.0191138088703156,16.18793159723282,5.880568027496338,0.5515120625495911,2.808951
321.0,1288.0,32.25000128149986,0.986219957470894,16.24138057231903,5.825376987457275,0.3539750874042511,2.701789
327.0,1312.0,32.80000165104866,0.9550160765647888,16.28965586423874,5.7691569328308105,0.5454684495925903,2.8762205
333.0,1336.0,33.000001311302185,0.9253286719322203,16.2689670920372,5.711568832397461,0.261243999004364,2.839722
339.0,1360.0,33.95000100135803,0.8967962563037872,16.341380774974823,5.661370754241943,0.5963088274002075,2.80052
345.0,1384.0,34.45000201463699,0.8698817789554596,16.387932002544403,5.60830020904541,0.555298924446106,2.7536604
351.0,1408.0,34.90000143647194,0.8437174260616302,16.434483230113983,5.56117582321167,0.7224372625350952,2.6329195
358.0,1436.0,35.600001364946365,0.8147293925285339,16.415518522262573,5.5027337074279785,0.5834506154060364,2.4757674
365.0,1464.0,36.200001090765,0.7872810661792755,16.45689755678177,5.451135158538818,0.3600978553295135,2.6931245
372.0,1492.0,37.20000088214874,0.7607679665088654,16.489656269550323,5.39923906326294,0.5450899004936218,2.7105725
379.0,1520.0,37.7000018954277,0.7358709871768951,16.560345888137817,5.3479108810424805,0.5613997578620911,2.6356354
386.0,1548.0,38.50000202655792,0.7118867933750153,16.634483635425568,5.300570964813232,0.3793080449104309,2.4198873
393.0,1576.0,38.80000188946724,0.6890344470739365,16.648276150226593,5.25252103805542,0.2346650660037994,2.4198873
400.0,1604.0,39.45000171661377,0.6669779866933823,16.72413945198059,5.20624589920044,0.3763229250907898,2.5187085
408.0,1636.0,40.550002455711365,0.6431537866592407,16.758622229099274,5.156308650970459,0.2459432780742645,2.3573873
416.0,1668.0,41.200002282857895,0.6202696263790131,16.832759976387024,5.107529640197754,0.1860528886318206,2.3471549
424.0,1700.0,41.600001603364944,0.5988319367170334,16.881035268306732,5.058515548706055,0.2534330785274505,2.2568743
432.0,1732.0,42.55000203847885,0.5780397653579712,16.922414302825928,5.012524127960205,0.3368058204650879,2.2054532
440.0,1764.0,43.00000220537186,0.5581741333007812,16.922414302825928,4.966269016265869,0.3162258863449096,2.0592802
448.0,1796.0,43.5500018298626,0.5393452346324921,16.950000822544098,4.923882961273193,0.260577380657196,1.8337451
456.0,1828.0,44.450002908706665,0.521477572619915,17.01207011938095,4.881043434143066,0.3074968755245209,1.5577017
465.0,1864.0,45.60000225901604,0.5019990280270576,17.044828832149506,4.830909729003906,0.3256990909576416,1.5276946
474.0,1900.0,46.30000218749046,0.4835995510220527,17.118966579437256,4.78690767288208,0.3721388876438141,1.5702796
483.0,1936.0,47.3500020802021,0.4659037142992019,17.156897485256195,4.741029262542725,0.2372189313173294,1.6016312
492.0,1972.0,47.9500025510788,0.4493461549282074,17.2344833612442,4.698816299438477,0.2836771011352539,1.4002347
501.0,2008.0,48.750002682209015,0.4332108423113823,17.294828593730927,4.657485008239746,0.3344322443008423,1.341143
511.0,2048.0,49.60000291466713,0.4162513986229896,17.317242920398712,4.611177921295166,0.2135327756404876,1.3759052
521.0,2088.0,50.55000185966492,0.4002008438110351,17.368966341018677,4.5667901039123535,0.2331148982048034,1.3670315
531.0,2128.0,51.40000358223915,0.3848288804292679,17.424139380455017,4.524380207061768,0.2108804881572723,1.3610078
541.0,2168.0,52.35000401735306,0.3701501339673996,17.506897449493408,4.485859394073486,0.2839527130126953,1.3421888
551.0,2208.0,53.20000350475311,0.3563266173005104,17.60862171649933,4.443073272705078,0.5209168195724487,1.3245287
562.0,2252.0,54.80000227689743,0.3417938351631164,17.624138295650482,4.401414394378662,0.2418868243694305,1.3382821
573.0,2296.0,56.20000213384628,0.3279728144407272,17.70862191915512,4.358468055725098,0.2270818799734115,1.5532295
584.0,2340.0,57.15000331401825,0.3148976042866707,17.750000953674316,4.320995807647705,0.3661032617092132,1.7252843
595.0,2384.0,58.70000272989273,0.302450381219387,17.80172437429428,4.28093147277832,0.4017590284347534,1.749964
606.0,2428.0,59.50000286102295,0.2905703634023666,17.872413992881775,4.243995666503906,0.2334814369678497,1.4745711
618.0,2476.0,61.30000352859497,0.2781696692109108,17.906896770000458,4.201286792755127,0.2978119254112243,1.3205649
630.0,2524.0,62.50000298023224,0.2664699926972389,17.984484136104584,4.1617751121521,0.2793972790241241,1.3221236
642.0,2572.0,63.80000412464142,0.2553415559232235,18.02586317062378,4.1238861083984375,0.2383872270584106,1.302259
654.0,2620.0,65.25000333786011,0.2448001503944397,18.112069368362427,4.086138725280762,0.3059870600700378,1.413858
667.0,2672.0,66.20000302791595,0.2339826449751854,18.14482808113098,4.045414924621582,0.2707694172859192,1.3054724
680.0,2724.0,67.4500048160553,0.2235207147896289,18.20344924926757,4.008598804473877,0.2941745221614837,1.3078822
693.0,2776.0,68.45000386238098,0.2136676646769046,18.272414803504944,3.9706294536590576,0.2270433604717254,1.165067
706.0,2828.0,69.10000294446945,0.2043692283332348,18.32931190729141,3.932645797729492,0.2421741932630539,1.0308352
720.0,2884.0,70.30000388622284,0.1949775405228138,18.41551810503006,3.895454406738281,0.2241809666156768,0.8472394
734.0,2940.0,71.45000398159027,0.1859386712312698,18.482759594917297,3.858322143554688,0.2329767644405365,0.923786
748.0,2996.0,72.7000042796135,0.1773767210543155,18.53793263435364,3.823014259338379,0.2512517869472503,0.923786
762.0,3052.0,73.75000417232513,0.1695167943835258,18.60862225294113,3.787119865417481,0.3532682657241821,0.8678002
777.0,3112.0,74.70000237226486,0.1612568646669387,18.677587807178497,3.750331163406372,0.2738091945648193,0.8893791
792.0,3172.0,75.90000331401825,0.15359553322196,18.751725554466248,3.715243101119995,0.2635620832443237,0.829847
807.0,3232.0,77.25000232458115,0.1461939439177513,18.82758736610413,3.678621530532837,0.1768347769975662,0.60305786
823.0,3296.0,78.20000499486923,0.1389191523194313,18.886208534240723,3.644131898880005,0.2443992048501968,0.63541025
839.0,3360.0,79.30000424385071,0.131927452981472,18.96896660327912,3.607386112213135,0.2491225451231002,0.6590938
855.0,3424.0,80.30000329017639,0.1253000516444444,19.03620809316635,3.574402332305908,0.2335229068994522,0.5566589
872.0,3492.0,81.35000318288803,0.1187432035803794,19.10344958305359,3.5396173000335693,0.1969213038682937,0.5566589
889.0,3560.0,82.25000202655792,0.1125576067715883,19.13103610277176,3.503313541412353,0.225407600402832,0.56914645
906.0,3628.0,83.3000048995018,0.106727784499526,19.19655203819275,3.4697039127349854,0.244400754570961,0.39774758
924.0,3700.0,84.30000394582748,0.1008550897240638,19.33448314666748,3.434608221054077,0.2425006031990051,0.60952675
942.0,3772.0,85.35000383853912,0.0952948983758688,19.429311156272888,3.3997786045074463,0.2380511909723281,0.7863034
960.0,3844.0,86.9000032544136,0.09019635617733,19.48448419570923,3.3674426078796387,0.2631608843803406,0.84880334
979.0,3920.0,88.05000483989716,0.0851196851581335,19.57758665084839,3.331977844238281,0.2240007519721985,1.0415407
998.0,3996.0,88.90000432729721,0.0802664533257484,19.620691239833832,3.2992093563079834,0.2260451316833496,1.0441005
1017.0,4072.0,89.95000571012497,0.0757644735276699,19.763794541358948,3.2671890258789062,0.2387064844369888,1.0624064
1037.0,4152.0,90.85000306367874,0.0713507309556007,19.83793228864669,3.23519229888916,0.2370650619268417,1.0445912
1057.0,4232.0,91.1000058054924,0.0671148672699928,19.915518164634705,3.200434923171997,0.172713503241539,0.91597754
1078.0,4316.0,91.90000295639038,0.0629504006356,19.94827687740326,3.166853427886963,0.2483102083206176,0.9342834
1099.0,4400.0,92.90000349283218,0.0590884611010551,20.036208629608154,3.1335597038269043,0.2125660479068756,0.99622303
1120.0,4484.0,93.50000321865082,0.0554603710770607,20.100000500679016,3.101389646530152,0.2299142777919769,0.9853223
1142.0,4572.0,94.40000355243684,0.0519137196242809,20.18448412418365,3.069648027420044,0.2276725023984909,0.8728099
1164.0,4660.0,94.85000520944595,0.0485930200666189,20.25172561407089,3.038942813873291,0.2319043129682541,0.7700845
1187.0,4752.0,95.50000429153442,0.045396365225315,20.33620774745941,3.0070369243621826,0.2263131886720657,1.0415086
1210.0,4844.0,95.9000051021576,0.0423455871641635,20.446552336215973,2.9761621952056885,0.2270497679710388,0.69806516
1234.0,4940.0,96.4500054717064,0.0394138814881444,20.51551789045334,2.944589614868164,0.2602982223033905,0.65804
1258.0,5036.0,96.65000438690186,0.0366299320012331,20.63793241977692,2.913557767868042,0.2460068166255951,0.79459125
1283.0,5136.0,96.85000628232956,0.0339994151145219,20.6965520977974,2.8821706771850586,0.2382626980543136,0.8131876
1308.0,5236.0,97.30000346899033,0.031523510813713,20.79482823610305,2.852522134780884,0.2475855350494384,0.8622868
1334.0,5340.0,97.75000512599944,0.0291601666249334,20.872415602207184,2.822456121444702,0.2340868413448333,0.5863984
1360.0,5444.0,97.95000404119492,0.0269816019572317,21.00517302751541,2.7915587425231934,0.2625389099121094,0.3769143
1387.0,5552.0,98.300002515316,0.0248551978729665,21.050001680850983,2.762152671813965,0.2597438395023346,0.1649349
1414.0,5660.0,98.65000545978546,0.0229530963115394,21.139656007289886,2.731490135192871,0.2421982139348983,0.18720952
1442.0,5772.0,98.9500030875206,0.0210929792374372,21.270690858364105,2.7044906616210938,0.2243268191814422,0.43295026
1470.0,5884.0,99.05000478029253,0.0194093994796276,21.298277378082275,2.674976110458374,0.1882034689188003,0.45883864
1499.0,6000.0,99.10000413656236,0.0177583415061235,21.40344977378845,2.6457338333129883,0.2215382307767868,0.39633864
1528.0,6116.0,99.10000413656236,0.0162880800198763,21.5068981051445,2.6186745166778564,0.2475021779537201,0.42251742
1558.0,6236.0,99.30000454187392,0.0148633297067135,21.61207050085068,2.5894930362701416,0.2354416698217392,0.48508203
1589.0,6360.0,99.65000450611116,0.0135380488354712,21.73965573310852,2.561746835708618,0.174441397190094,0.4370093
1620.0,6484.0,99.70000237226486,0.0122838576789945,21.8500018119812,2.534045457839966,0.2610790431499481,0.55775005
1652.0,6612.0,99.75000321865082,0.0111386210191994,21.986207365989685,2.506042242050171,0.1815038472414016,0.4370093
1685.0,6744.0,99.7500017285347,0.0100781440269202,22.081035375595093,2.477912664413452,0.2438991218805313,0.2495093
1718.0,6876.0,99.80000257492064,0.0091188775841146,22.2051739692688,2.4507741928100586,0.2507982850074768,0.044194173
1752.0,7012.0,99.80000257492064,0.0081852197181433,22.31724262237549,2.4250307083129883,0.2846034467220306,0.16919418
1787.0,7152.0,99.80000257492064,0.007342698983848,22.441379725933075,2.3973512649536133,0.2352186143398285,0.3966291
1822.0,7292.0,99.85000193119048,0.006584417889826,22.59482890367508,2.372105598449707,0.2491262257099151,0.42898148
1858.0,7436.0,99.90000128746031,0.0058561293408274,22.64482825994492,2.3464927673339844,0.1922248005867004,0.5539815
1895.0,7584.0,99.90000128746031,0.0052215745672583,22.78965562582016,2.320634603500366,0.1753101199865341,0.48389894
1932.0,7732.0,99.95000064373016,0.0046615395694971,22.898277640342712,2.294914722442627,0.1901965588331222,0.32008252
1970.0,7884.0,100.0,0.0041078510694205,22.951725125312805,2.2699897289276123,0.2237311005592346,0.2716291
2009.0,8040.0,100.0,0.0036089855711907,23.04827719926834,2.244556427001953,0.2581266462802887,0.17677669
2049.0,8200.0,100.0,0.0031710463226772,23.20517301559448,2.221299171447754,0.2853643894195556,0.0625
2089.0,8360.0,100.0,0.0027896103565581,23.28103631734848,2.1971068382263184,0.2087359726428985,0.036321178
2130.0,8524.0,100.0,0.0024249870912171,23.40172529220581,2.1721136569976807,0.2437750101089477,0.0
2172.0,8692.0,100.0,0.0021296210470609,23.506897687911987,2.1482512950897217,0.2409210205078125,0.125
2215.0,8864.0,100.0,0.0018945506890304,23.67241531610489,2.12526273727417,0.2485579997301101,0.33838835
2259.0,9040.0,100.0,0.0016017638845369,23.787932097911835,2.099254846572876,0.305700272321701,0.39522013
2304.0,9220.0,100.0,0.0014696345606353,23.972414433956143,2.0782272815704346,0.2300730794668197,0.29278523
2350.0,9404.0,100.0,0.0013370845990721,24.12241548299789,2.0524652004241943,0.3647200167179107,0.2914939
2397.0,9592.0,100.0,0.0014716996229253,24.17413890361786,2.027310848236084,0.9672428369522096,1.0616059
2444.0,9780.0,100.0,0.0012897487322334,24.253448843956,2.0003066062927246,0.6930173635482788,1.3577144
2492.0,9972.0,100.0,0.0013759458670392,24.49310421943665,1.9736120700836184,0.9099650979042052,1.7244153
2541.0,10168.0,100.0,0.0014678323932457,24.486207962036133,1.94955050945282,1.2296993732452393,2.6296306
2591.0,10368.0,99.95000064373016,0.001274316193303,24.50172603130341,1.9186071157455444,1.4245284795761108,4.2583604
2642.0,10572.0,100.0,0.0013857803714927,24.79655295610428,1.8849966526031487,1.1970806121826172,4.842542
2694.0,10780.0,100.0,0.0013746457698289,24.984483420848846,1.855133056640625,1.4744949340820312,6.120763
2747.0,10992.0,100.0,0.0014562961296178,24.91551786661148,1.827937722206116,1.4007558822631836,5.4778585
2801.0,11208.0,100.0,0.002114234783221,25.081035494804382,1.7877024412155151,1.97969937324524,6.5034804
2857.0,11432.0,100.0,0.0006780080293538,25.201725959777832,1.7560549974441528,0.7514771819114685,6.7820425
2914.0,11660.0,100.0,0.0022596751223318,25.57931244373321,1.7103843688964844,1.6142956018447876,6.9994006
2972.0,11892.0,100.0,0.0009672566666267,25.73965787887573,1.67812180519104,1.2754747867584229,6.8513546
3031.0,12128.0,100.0,0.0017319209582637,25.80862343311309,1.6411806344985962,1.8529741764068604,7.199273
3091.0,12368.0,100.0,0.001291621272685,26.108622550964355,1.597378849983215,1.5332577228546145,8.343893
3152.0,12612.0,100.0,0.002025243564276,26.441380381584167,1.5494588613510132,1.7046467065811155,9.702238
3215.0,12864.0,100.0,0.0007963340176502,26.51551961898804,1.5189614295959473,1.2925065755844116,7.689331
3279.0,13120.0,100.0,0.0016588688013143,26.96724236011505,1.4517349004745483,1.752408504486084,9.852484
3344.0,13380.0,100.0,0.0013078536430839,27.42413878440857,1.4209240674972534,1.4685182571411133,10.637386
3410.0,13644.0,100.0,0.0019491127459332,27.406898140907288,1.368734359741211,1.7082014083862305,8.835941
3478.0,13916.0,100.0,0.0015849305782467,27.881035208702087,1.3321207761764526,1.7473145723342896,9.930395
3547.0,14192.0,100.0,0.000916188058909,28.124138712883,1.2710398435592651,1.5028775930404663,10.539342
3617.0,14472.0,100.0,0.0027248150436207,28.53793203830719,1.2237457036972046,1.916627049446106,10.718761
3689.0,14760.0,100.0,0.0006577207095688,29.006898403167725,1.1855249404907229,1.7720189094543457,10.498611
3762.0,15052.0,100.0,0.0021468882914632,29.37241494655609,1.1351885795593262,1.8060905933380127,9.5135565
3837.0,15352.0,100.0,0.0011582039151107,29.627588391304016,1.0973286628723145,1.6156984567642212,9.511933
3913.0,15656.0,100.0,0.0017312463314738,30.22931218147278,1.0411007404327393,1.7127437591552734,10.9953
3991.0,15968.0,100.0,0.0010887098032981,30.736207962036133,0.999630868434906,1.5302685499191284,11.095972
4070.0,16284.0,100.0,0.0011164128663949,31.270691752433777,0.9533762335777284,2.0368943214416504,11.396889
4151.0,16608.0,100.0,0.0008031990291783,31.505173444747925,0.917918026447296,1.6859625577926636,11.421896
4234.0,16940.0,100.0,0.0009988548990804,32.12414085865021,0.8723301291465759,1.656855821609497,11.381906
4318.0,17276.0,100.0,0.0018951775564346,32.93103575706482,0.8245615363121033,1.846015691757202,12.265446
4404.0,17620.0,100.0,0.0013650378969032,33.46724212169647,0.7919195294380188,1.8605269193649288,11.211714
4492.0,17972.0,100.0,0.0009442408190807,34.012070298194885,0.750429630279541,1.808761715888977,11.060793
4581.0,18328.0,100.0,0.0009661461663199,34.522414207458496,0.7124501466751099,1.98079514503479,11.008937
4672.0,18692.0,100.0,0.0011231027165194,35.09138226509094,0.6804354190826416,1.6074095964431765,10.69738
4765.0,19064.0,100.0,0.0006796757079428,35.91896593570709,0.6421436071395874,1.6463963985443115,11.551407
4860.0,19444.0,100.0,0.0007792223477736,36.33275926113129,0.6138350367546082,1.5920226573944092,10.168928
4957.0,19832.0,100.0,0.0006973327399464,37.2327595949173,0.5763685703277588,1.7801340818405151,11.817021
5056.0,20228.0,100.0,0.0006168844847707,37.93965578079224,0.5540516376495361,1.877394318580628,9.806043
5157.0,20632.0,100.0,0.0004024721129098,38.71552050113678,0.5215737223625183,1.6664336919784546,12.527803
5260.0,21044.0,100.0,0.000767801029724,39.82241451740265,0.4852083027362823,2.124671697616577,11.549589
5365.0,21464.0,100.0,0.0005094152656965,40.27586281299591,0.4663868546485901,1.550495147705078,9.788597
5472.0,21892.0,100.0,0.0006830977945355,41.56379401683808,0.4365778565406799,1.7318845987319946,12.720018
5581.0,22328.0,100.0,0.0005216437784838,42.146554589271545,0.4141622483730316,1.558668613433838,11.971788
5692.0,22772.0,100.0,0.0004784157281392,43.09655427932739,0.3901750147342682,1.7798899412155151,13.384792
5805.0,23224.0,100.0,0.0003884203106281,43.85862350463867,0.3683876395225525,1.7105810642242432,12.12928
5921.0,23688.0,100.0,0.0005647939105983,44.93965804576874,0.348776638507843,1.5295571088790894,11.207716
6039.0,24160.0,100.0,0.0003693343896884,45.805174112319946,0.3289692997932434,1.7510532140731812,13.399669
6159.0,24640.0,100.0,0.000602471831371,46.893104910850525,0.3095780313014984,1.870111107826233,12.265882
6282.0,25132.0,100.0,0.0004213098000036,47.75000214576721,0.2955598533153534,1.776739239692688,10.15679
6407.0,25632.0,100.0,0.0004687557302531,48.88620972633362,0.2772125005722046,1.7296658754348757,13.160776
6535.0,26144.0,100.0,0.0005461382461362,49.48448538780213,0.2633703351020813,1.7873234748840332,11.849508
6665.0,26664.0,100.0,0.0002964270097436,50.93103647232056,0.2479205131530761,1.8056710958480835,11.734071
6798.0,27196.0,100.0,0.0002540907771617,51.87931060791016,0.2344025373458862,1.6934080123901367,12.070488
6933.0,27736.0,100.0,0.000353914736479,52.77931094169617,0.2224584221839904,1.6887664794921875,11.587278
7071.0,28288.0,100.0,0.000280816682789,53.89828085899353,0.2098923921585083,1.911245822906494,12.590329
7212.0,28852.0,100.0,0.0002374238247284,54.99310493469238,0.1985881477594375,1.5104190111160278,13.645083
7356.0,29428.0,100.0,0.000204000967642,56.25,0.1880570203065872,1.6095759868621826,12.760428
7503.0,30016.0,100.0,0.0002838462023646,57.19655752182007,0.1781119108200073,1.7805626392364502,12.615454
7653.0,30616.0,100.0,0.0002389762994425,58.1637978553772,0.1688774228096008,1.7971181869506836,12.4700165
7806.0,31228.0,100.0,0.0002755417735897,59.187936782836914,0.1596058458089828,1.6850688457489014,13.087002
7962.0,31852.0,100.0,0.0002982415244332,60.30000448226929,0.1518844068050384,1.6589072942733765,13.586158
8121.0,32488.0,100.0,0.0001725670299492,61.444830894470215,0.1434661746025085,1.6839064359664917,12.761764
8283.0,33136.0,100.0,0.0002525880699977,62.37931251525879,0.1372793316841125,1.5676511526107788,12.380213
8448.0,33796.0,100.0,0.0001531104062451,63.20517659187317,0.1308560073375702,1.7862011194229126,11.307252
8616.0,34468.0,100.0,0.0002176675152441,64.20000195503235,0.1244922950863838,1.776824712753296,13.8441515
8788.0,35156.0,100.0,0.0001149368181359,65.15517830848694,0.1186517775058746,1.6345586776733398,11.9219055
8963.0,35856.0,100.0,0.0001490847571403,65.94138145446777,0.1132233217358589,1.7986992597579956,13.112615
9142.0,36572.0,100.0,0.0001948952267412,66.98103547096252,0.1079107448458671,1.6825509071350098,13.603284
9324.0,37300.0,100.0,0.0001732657146931,67.87931323051453,0.1033931225538253,1.6809518337249756,12.743054
9510.0,38044.0,100.0,5.002161105949199e-05,68.79827976226807,0.0987539365887641,1.6831703186035156,13.06134
9700.0,38804.0,100.0,0.0001156024391093,69.57759261131287,0.0947457179427146,1.5914061069488523,12.547495
9894.0,39580.0,100.0,0.0001950004261743,70.4775869846344,0.0907098054885864,1.6560869216918943,12.7241955
10091.0,40368.0,100.0,5.527508619707078e-05,71.24310731887817,0.0870870873332023,1.6490411758422852,13.139014
10292.0,41172.0,100.0,0.0001028906099236,71.92758917808533,0.0838542953133583,1.870116829872132,11.64479
10497.0,41992.0,100.0,0.0001073193179763,72.72069454193115,0.0804313346743583,1.5587502717971802,12.2160015
10706.0,42828.0,100.0,5.807760317111388e-05,73.48104119300842,0.0772304981946945,1.8536438941955569,13.938698
10920.0,43684.0,100.0,0.0001732309283397,74.11207556724548,0.0747242048382759,1.6715915203094482,10.483959
11138.0,44556.0,100.0,5.1850922318408266e-05,74.83965754508972,0.0719038844108581,1.6156076192855835,12.25276
11360.0,45444.0,100.0,9.511398639006076e-05,75.5379319190979,0.0693877637386322,1.7524462938308716,12.639197
11587.0,46352.0,100.0,8.993321353045758e-05,76.0758638381958,0.0671794861555099,1.8042802810668943,13.434384
11818.0,47276.0,100.0,5.462605713546509e-05,76.72586441040039,0.0648437887430191,1.628385066986084,12.181547
12054.0,48220.0,100.0,0.0001134072463173,77.29138135910034,0.0627070292830467,1.613032579421997,13.107752
12295.0,49184.0,100.0,0.0001085640160454,77.91035175323486,0.0607316680252552,1.5178874731063845,12.1688595
12540.0,50164.0,100.0,5.847858210472623e-05,78.43104004859924,0.0587803497910499,1.7027918100357056,11.568493
12790.0,51164.0,100.0,0.0001043285665218,78.90862226486206,0.0570535995066165,1.5013246536254885,10.290354
13045.0,52184.0,100.0,4.176032780378591e-05,79.45345044136047,0.0552416667342186,1.882682085037232,11.28952
13305.0,53224.0,100.0,5.673939085681923e-05,79.93448972702026,0.0538373328745365,1.654721975326538,12.160915
13571.0,54288.0,100.0,6.09026992606232e-05,80.35690188407898,0.052339844405651,2.1534385681152344,11.964482
13842.0,55372.0,100.0,5.439233063952997e-05,80.81035017967224,0.0507600344717502,1.6397212743759155,12.297156
14118.0,56476.0,100.0,5.556649557547644e-05,81.18966221809387,0.0494868382811546,1.5666853189468384,11.417736
14400.0,57604.0,100.0,2.721467808441957e-05,81.54655694961548,0.0482708849012851,1.786787033081055,10.72618
14688.0,58756.0,100.0,8.505179903295357e-05,82.06034898757935,0.0469904132187366,1.748777985572815,12.474808
14981.0,59928.0,100.0,3.740979718713788e-05,82.2741448879242,0.0459008105099201,1.6792126893997192,10.418379
15280.0,61124.0,100.0,6.394004958565347e-05,82.70689845085144,0.0448631159961223,1.6447967290878296,12.4973
15585.0,62344.0,100.0,2.722044473557617e-05,83.04483294487,0.0437477938830852,1.8094910383224487,12.141535
15896.0,63588.0,100.0,9.68457698036218e-06,83.40345025062561,0.042711853981018,1.5785783529281616,11.281332
16213.0,64856.0,100.0,4.487916248763213e-05,83.63621234893799,0.0418037585914135,1.6409623622894287,11.510998
16537.0,66152.0,100.0,3.8408307773352135e-05,83.94138216972351,0.0409353598952293,1.7767317295074463,11.78861
16867.0,67472.0,100.0,6.266957370826276e-05,84.30862426757812,0.0400376506149768,1.4821799993515017,13.153206
17204.0,68820.0,100.0,6.68564653096837e-05,84.42069292068481,0.0393008477985858,1.900943756103516,10.168197
17548.0,70196.0,100.0,2.529417452024063e-05,84.81552004814148,0.0384420752525329,1.6169816255569458,11.785774
17898.0,71596.0,100.0,2.5474175345152617e-05,85.06379723548889,0.0377169921994209,1.7614165544509888,10.752842
18255.0,73024.0,100.0,8.082786735030822e-05,85.22931337356567,0.0369901545345783,1.619764804840088,9.728474
18620.0,74484.0,100.0,1.6488853816554183e-05,85.46552062034607,0.036258939653635,1.788022518157959,12.916666
18992.0,75972.0,100.0,2.0501598100963747e-05,85.75000166893005,0.0355557017028331,1.6756948232650757,12.089645
19371.0,77488.0,100.0,3.754984663828509e-05,85.97759008407593,0.034929946064949,1.704708456993103,13.211892
19758.0,79036.0,100.0,3.449276755418396e-05,86.20344996452332,0.0342900529503822,1.823657989501953,9.197442
20153.0,80616.0,100.0,2.0887704977212707e-05,86.41034960746765,0.0337041988968849,1.6123144626617432,13.554393
20556.0,82228.0,100.0,2.042759024334373e-05,86.4913821220398,0.0331961214542388,1.694618821144104,10.527813
20967.0,83872.0,100.0,2.382651700827409e-05,86.72758936882019,0.032585471868515,1.6162216663360596,12.2559185
21386.0,85548.0,100.0,5.026061444368679e-05,86.88620924949646,0.0320628695189952,1.6633179187774658,10.296214
21813.0,87256.0,100.0,2.791816541503067e-05,87.00172901153564,0.0315840207040309,1.7283188104629517,10.598312
22249.0,89000.0,100.0,2.0477784801187227e-05,87.16724514961243,0.0310762543231248,1.5924878120422363,13.129443
22693.0,90776.0,100.0,3.1932340334606124e-05,87.34138607978821,0.0306119751185178,1.9088486433029173,11.15683
23146.0,92588.0,100.0,1.776301223799237e-05,87.39655613899231,0.0301366355270147,1.7145675420761108,13.210577
23608.0,94436.0,100.0,2.288389532623114e-05,87.60862350463867,0.0296762473881244,1.806595802307129,12.367916
24080.0,96324.0,100.0,1.9066475488216383e-05,87.76034712791443,0.0291854329407215,1.6591418981552124,12.113435
24561.0,98248.0,100.0,2.0496317119977903e-05,87.91897296905518,0.0287868063896894,1.5176345109939575,10.677086
25052.0,100212.0,100.0,2.8969992854399607e-05,88.01552057266235,0.028384443372488,1.834832072257996,10.526093
25553.0,102216.0,100.0,4.036838254251052e-05,88.14483284950256,0.0279912110418081,1.746543049812317,11.188213
26064.0,104260.0,100.0,8.345880246451998e-06,88.23621273040771,0.027613203972578,1.7159656286239624,12.14827
26585.0,106344.0,100.0,4.560264187603025e-06,88.37931752204895,0.027232103049755,1.761274337768555,11.5819
27116.0,108468.0,100.0,1.4722228570462905e-05,88.51897120475769,0.0268876794725656,1.812963604927063,11.040909
27658.0,110636.0,100.0,2.4037464299908606e-05,88.59483003616333,0.02657300978899,1.9621350765228271,7.1965203
28211.0,112848.0,100.0,1.0859927670026082e-05,88.68276476860046,0.0262122638523578,1.8297325372695925,10.178522
28775.0,115104.0,100.0,1.056049427461403e-05,88.7672483921051,0.0259059946984052,1.931317448616028,10.632494
29350.0,117404.0,100.0,1.6345575659215683e-05,88.83966207504272,0.0256092920899391,2.1298141479492188,9.841822
29937.0,119752.0,100.0,5.336464710126165e-06,88.97759318351746,0.025309095159173,1.8131238222122192,11.557718
30535.0,122144.0,100.0,1.0160413694393355e-05,88.99138569831848,0.0250665675848722,1.815017938613892,9.662076
31145.0,124584.0,100.0,2.334018472538446e-05,89.09138441085815,0.0248145535588264,1.934715747833252,9.04537
31767.0,127072.0,100.0,1.5708424371041474e-05,89.22069668769836,0.0245110355317592,1.9260543584823608,11.354934
32402.0,129612.0,100.0,1.1274702274022276e-05,89.25690054893494,0.0242971386760473,1.8494757413864136,11.464746
33050.0,132204.0,100.0,1.7504384231870063e-05,89.40172791481018,0.0239845030009746,1.6943553686141968,9.663971
33711.0,134848.0,100.0,1.0785539188873372e-05,89.48103785514832,0.0237290747463703,1.9046010971069336,9.314038
34385.0,137544.0,100.0,1.3692215361515991e-05,89.57069516181946,0.0235360134392976,1.7326663732528689,9.744541
35072.0,140292.0,100.0,1.9824582068395102e-05,89.58448767662048,0.0232571735978126,1.7263998985290527,9.941846
35773.0,143096.0,100.0,2.175175177399069e-05,89.69310522079468,0.0229702498763799,1.734345555305481,11.89661
36488.0,145956.0,100.0,5.0714022563624894e-06,89.78793621063232,0.02270601503551,1.811249852180481,11.015478
37217.0,148872.0,100.0,2.891156464102096e-05,89.77758884429932,0.0225861184298992,1.9107073545455933,9.068515
37961.0,151848.0,100.0,1.1383742275938856e-05,89.86034989356995,0.0223273877054452,1.7964016199111938,9.446255
38720.0,154884.0,100.0,1.0014571671490556e-05,89.87586498260498,0.0220936872065067,1.674471735954285,10.527943
39494.0,157980.0,100.0,1.3920463288741304e-05,89.97586369514465,0.0218194425106048,1.6800285577774048,8.386236
40283.0,161136.0,100.0,7.775066251269891e-06,89.97586369514465,0.0216724667698144,1.7354873418807983,11.303785
41088.0,164356.0,100.0,2.475646260791109e-05,89.97586369514465,0.0214393939822912,1.6252973079681396,7.715296
41909.0,167640.0,100.0,1.0223670415143715e-05,90.0172472000122,0.0212941523641347,1.8154932260513303,8.906932
42747.0,170992.0,100.0,1.4703634178658833e-05,90.08448719978333,0.0210299715399742,1.6129302978515625,10.127482
43601.0,174408.0,100.0,1.558699068482383e-05,90.10000228881836,0.0209013037383556,1.8225795030593872,8.115198
44473.0,177896.0,100.0,1.2017669405395282e-05,90.194833278656,0.0206811185926198,1.8556392192840576,6.729592
45362.0,181452.0,100.0,1.1895024272234878e-05,90.21207094192503,0.0205601286143064,2.0231261253356934,8.861719
46269.0,185080.0,100.0,1.0756749361462424e-05,90.3620719909668,0.0203288793563842,1.803603172302246,5.712057
47194.0,188780.0,100.0,3.0634699896836537e-06,90.37759304046632,0.0201543942093849,2.0745863914489746,7.3272524
48137.0,192552.0,100.0,1.560690111546137e-05,90.44827818870544,0.0199813023209571,1.939730525016785,4.2805166
49099.0,196400.0,100.0,2.0971595517949027e-06,90.491384267807,0.0198412556201219,1.831772804260254,8.574293
50080.0,200324.0,100.0,1.768874108165619e-05,90.51207304000854,0.0196934044361114,1.654533624649048,6.2255125
51081.0,204328.0,100.0,2.4465868136758218e-05,90.5517280101776,0.0195176508277654,2.202239513397217,5.908494
52102.0,208412.0,100.0,1.3580196991824778e-05,90.53103923797607,0.0194291211664676,1.7523078918457031,8.88199
53144.0,212580.0,100.0,6.02990814968507e-06,90.63448905944824,0.0192033033818006,1.657289981842041,6.337961
54206.0,216828.0,100.0,1.4466538118540484e-06,90.64483046531676,0.0190646108239889,1.9570494890213013,6.4254637
55290.0,221164.0,100.0,2.024953118962003e-06,90.64310789108276,0.0189075395464897,2.0441675186157227,6.4398193
56395.0,225584.0,100.0,5.027713768868125e-06,90.69311022758484,0.0188256073743104,1.9680769443511963,5.671035
57522.0,230092.0,100.0,3.123683256944787e-06,90.7275915145874,0.0186401847749948,1.9214304685592647,8.01782
58672.0,234692.0,100.0,1.6916441154535278e-06,90.83966016769408,0.0184270646423101,2.0334551334381104,8.098003
59845.0,239384.0,100.0,1.6339817250354829e-06,90.8500075340271,0.018290851265192,1.982925295829773,5.948242
61041.0,244168.0,100.0,2.0090664065719466e-06,90.93965888023376,0.0181923732161521,2.1915276050567627,6.543722
62261.0,249048.0,100.0,6.304157750491868e-06,91.09138250350952,0.0179333444684743,2.051820039749145,3.8471758
63506.0,254028.0,100.0,2.209574972766859e-06,91.15689992904665,0.0175623688846826,1.7935267686843872,5.812928
64776.0,259108.0,100.0,4.913441671305918e-06,91.21897220611572,0.0176252592355012,2.103163003921509,5.9169693
66071.0,264288.0,100.0,1.8827117287401047e-06,91.27241969108582,0.0175103638321161,2.0423545837402344,4.645617
67392.0,269572.0,100.0,1.868672505622726e-07,91.36724472045898,0.0172901675105094,1.6984257698059082,7.0052514
68739.0,274960.0,100.0,2.001123391437432e-06,91.46552085876463,0.0172076821327209,2.0485966205596924,2.130206
70113.0,280456.0,100.0,4.512725304550713e-08,91.5569007396698,0.017060287296772,1.0229883193969729,8.412907
71515.0,286064.0,100.0,1.4722668595368305e-06,91.35345220565796,0.0173164028674364,1.9755115509033203,3.2800767
72945.0,291784.0,100.0,6.279427338995447e-06,91.46207571029665,0.0171417780220508,2.0972330570220947,1.5918725
74403.0,297616.0,100.0,1.3552559039453629e-06,91.40862822532654,0.0170619059354066,2.4310402870178223,3.5619113
75891.0,303568.0,100.0,3.457100987702688e-07,91.63966178894044,0.0170194432139396,2.033444881439209,4.7376943
77408.0,309636.0,100.0,8.035777554482595e-08,91.59138202667236,0.0170903988182544,0.8920387029647827,5.0841074
78956.0,315828.0,100.0,3.9840368337706884e-08,91.59483313560486,0.0168931633234024,0.3259091973304748,1.8675331
80535.0,322144.0,100.0,2.6195397708761448e-06,91.52241945266724,0.0169461742043495,1.838654637336731,4.813423
82145.0,328584.0,100.0,1.8795932632542645e-07,91.52414202690125,0.0169131699949502,1.8506226539611816,4.401317
83787.0,335152.0,100.0,1.7603112212327687e-06,91.51380062103271,0.0168267954140901,2.4873368740081787,3.9777164
85462.0,341852.0,100.0,2.8690856912483302e-09,91.58104062080383,0.016552185639739,0.428240031003952,0.035597548
87171.0,348688.0,100.0,2.5584076297491265e-06,91.43103957176208,0.0166189987212419,2.0047435760498047,0.3263582
88914.0,355660.0,100.0,8.534688760164499e-07,91.58448576927184,0.0163802299648523,1.930923223495484,0.12098677
90692.0,362772.0,100.0,1.1621637838743482e-06,91.58793687820436,0.0165679529309272,2.670654773712158,0.94391215
92505.0,370024.0,100.0,7.42512247242644e-08,91.59655570983888,0.0166380200535058,1.3453667163848877,3.818346
94355.0,377424.0,100.0,2.2005562811955315e-06,91.5000021457672,0.016913590952754,2.432324171066284,1.0695364
96242.0,384972.0,100.0,6.484321690702899e-10,91.6275918483734,0.0163625180721282,0.4385516941547394,8.308437
98166.0,392668.0,100.0,2.494528558827369e-06,91.60690307617188,0.016452083364129,2.5573861598968506,2.1357358
0.0,4.0,8.250000514090061,896.0636901855469,8.244828134775162,401.1450805664063,,
1.0,8.0,8.300000242888927,328.71324920654297,9.92758646607399,291.7755126953125,,
2.0,12.0,9.700000658631325,273.7907371520996,9.291379898786545,244.2950134277344,,
3.0,16.0,8.300000429153442,212.65884399414065,8.41379389166832,181.6828155517578,,
4.0,20.0,8.300000429153442,157.90087890625,8.531034737825394,142.78900146484375,,
5.0,24.0,8.65000020712614,126.96985054016112,9.00862142443657,119.32733917236328,,
6.0,28.0,8.65000020712614,107.114839553833,9.163793921470642,104.7839584350586,,
7.0,32.0,8.800000511109829,94.66031265258788,9.084483236074448,95.8258285522461,,
8.0,36.0,9.050000458955765,86.23147583007812,9.075862169265749,88.35542297363281,,
9.0,40.0,9.400000236928465,78.55358123779297,9.279310703277588,81.29096984863281,,
10.0,44.0,9.650000371038914,71.47209167480469,9.712069481611252,74.94292449951172,,
11.0,48.0,10.050000622868538,65.37505626678467,10.329310595989227,70.11245727539062,,
12.0,52.0,10.600000619888306,60.94998741149902,10.739655792713164,66.65699768066406,,
13.0,56.0,11.050000600516796,57.536078453063965,11.0137939453125,63.7457389831543,,
14.0,60.0,11.05000041425228,54.48997974395752,11.148276180028915,60.92116165161133,,
15.0,64.0,10.900000482797624,51.525084495544434,11.229310929775238,58.342899322509766,,
16.0,68.0,10.750000551342964,48.88840579986572,11.205173283815384,56.088008880615234,,
17.0,72.0,10.750000551342964,46.6208553314209,11.158621311187744,54.084747314453125,,
18.0,76.0,10.650000534951689,44.55680274963379,11.229310929775238,52.25038528442383,,
19.0,80.0,10.750000551342964,42.669684410095215,11.31034567952156,50.55929183959961,,
20.0,84.0,11.150000244379044,40.91988563537598,11.370690166950226,48.98225402832031,,
21.0,88.0,11.550000496208668,39.274123191833496,11.41379401087761,47.51854705810547,,
22.0,92.0,11.500000394880772,37.76960563659668,11.455173045396805,46.15510559082031,,
23.0,96.0,11.500000581145288,36.3673906326294,11.481034755706789,44.89391708374024,,
24.0,100.0,11.450000666081904,35.047003746032715,11.455173045396805,43.70616912841797,,
25.0,104.0,11.800000444054604,33.83043956756592,11.474138498306274,42.57626724243164,,
26.0,108.0,11.750000528991222,32.68707466125488,11.486207693815231,41.5028190612793,,
27.0,112.0,11.950000375509262,31.602914333343502,11.537931859493256,40.4886360168457,,
28.0,116.0,11.950000561773775,30.575543880462646,11.54310405254364,39.53819274902344,,
29.0,120.0,11.90000046044588,29.612194061279297,11.496552079916,38.63017654418945,,
30.0,124.0,11.850000731647016,28.695380687713623,11.518966406583786,37.767208099365234,,
31.0,128.0,11.90000046044588,27.823489665985107,11.568965762853622,36.94552993774414,,
32.0,132.0,12.150000594556332,26.99312114715576,11.61724179983139,36.16316604614258,,
33.0,136.0,12.150000408291817,26.209840774536133,11.600000411272047,35.41778564453125,,
34.0,140.0,11.950000375509262,25.465489864349365,11.58965602517128,34.699947357177734,,
35.0,144.0,11.850000731647016,24.762269496917725,11.575862765312197,34.02239227294922,,
36.0,148.0,11.800000257790089,24.093770027160645,11.615517735481262,33.37236022949219,,
37.0,152.0,11.800000444054604,23.45281791687012,11.643104255199432,32.7457160949707,,
38.0,156.0,11.900000274181366,22.845897674560547,11.675862967967989,32.14314270019531,,
39.0,160.0,12.100000865757464,22.25892639160156,11.717242002487184,31.5747184753418,,
40.0,164.0,12.250000610947607,21.701828002929688,11.750000715255736,31.0359001159668,,
41.0,168.0,12.350000441074371,21.166467666625977,11.760345101356506,30.509870529174805,,
42.0,172.0,12.650000490248203,20.65298366546631,11.805173009634018,30.004180908203125,,
43.0,176.0,12.700000777840614,20.16231060028076,11.881034821271896,29.517724990844727,,
44.0,180.0,12.800000607967377,19.69556474685669,11.910345405340196,29.047496795654297,,
45.0,184.0,12.650000676512718,19.23338270187378,11.910345405340196,28.59862899780273,,
46.0,188.0,12.550000473856926,18.79500961303711,11.920690536499023,28.156965255737305,,
47.0,192.0,12.650000862777231,18.371459007263184,11.936207860708237,27.73399353027344,,
48.0,196.0,12.600000575184822,17.966421127319336,11.927586793899536,27.32491683959961,,
49.0,200.0,12.800000607967377,17.575037002563477,11.96206957101822,26.928936004638672,,
50.0,204.0,13.000000454485416,17.194066047668457,11.968965828418732,26.554584503173828,,
51.0,208.0,13.250000402331352,16.830976009368896,11.975862830877304,26.186220169067383,,
52.0,212.0,13.300000689923763,16.477595806121826,11.967241764068604,25.82807922363281,,
53.0,216.0,13.350000604987144,16.13953447341919,11.972414702177048,25.485803604125977,,
54.0,220.0,13.450000621378422,15.813282489776611,11.965517699718475,25.15043258666992,,
55.0,224.0,13.500000908970833,15.493224143981934,11.981035023927689,24.82272148132324,,
56.0,228.0,13.500000722706318,15.190334796905518,11.97069063782692,24.508878707885746,,
57.0,232.0,13.500000908970833,14.889519453048706,11.934483051300049,24.206558227539062,,
58.0,236.0,13.700000569224358,14.602173805236816,11.99827641248703,23.9116153717041,,
59.0,240.0,13.750000670552254,14.321021795272827,12.031035125255585,23.61970329284668,,
60.0,244.0,13.75000048428774,14.046465396881104,12.001724541187286,23.332338333129883,,
61.0,248.0,13.80000077188015,13.781515836715698,12.020689994096756,23.05745315551757,,
62.0,252.0,13.600000739097595,13.523099899291992,12.041380256414412,22.79021453857422,,
63.0,256.0,13.65000046789646,13.273202896118164,12.029311060905457,22.53151130676269,,
64.0,260.0,13.450000807642937,13.03069543838501,12.031035125255585,22.276939392089844,,
65.0,264.0,13.600000366568564,12.798532724380491,12.077587097883224,22.027841567993164,,
66.0,268.0,13.5500006377697,12.570868492126465,12.067241966724396,21.789438247680664,,
67.0,272.0,13.65000046789646,12.349448919296265,12.05344870686531,21.55259323120117,,
68.0,276.0,13.700000196695328,12.135192155838013,12.00862154364586,21.3239688873291,,
69.0,280.0,13.500000722706318,11.929433345794678,12.067241966724396,21.10386085510254,,
70.0,284.0,13.650000840425491,11.72600793838501,12.067241966724396,20.88995933532715,,
71.0,288.0,13.700000382959844,11.53004240989685,12.04482838511467,20.68363571166992,,
72.0,292.0,13.800000585615637,11.34116554260254,12.060345709323885,20.47838592529297,,
73.0,296.0,13.850000500679016,11.155552625656128,12.094828486442566,20.2756462097168,,
74.0,300.0,13.900000602006912,10.973663568496704,12.112069875001907,20.082061767578125,,
75.0,304.0,13.850000873208046,10.795181035995483,12.129311263561249,19.8939208984375,,
76.0,308.0,13.750000856816769,10.624965906143188,12.163794040679932,19.70901679992676,,
77.0,312.0,13.750000670552254,10.45785140991211,12.162069231271744,19.52503776550293,,
78.0,316.0,13.750000670552254,10.294254302978516,12.179310619831083,19.344173431396484,,
79.0,320.0,14.100000634789469,10.135857820510864,12.179310619831083,19.171573638916016,,
80.0,324.0,14.150000363588331,9.97991943359375,12.1827594935894,19.00578117370605,,
81.0,328.0,13.950000889599323,9.82992148399353,12.208621203899384,18.839805603027344,,
82.0,332.0,13.950000703334808,9.681298971176147,12.253449112176895,18.679393768310547,,
83.0,336.0,13.85000105947256,9.538713455200195,12.301724404096603,18.52109718322754,,
84.0,340.0,14.000000804662704,9.398842096328735,12.315517663955688,18.3676700592041,,
85.0,344.0,13.950000889599323,9.261702299118042,12.317241728305817,18.2158145904541,,
86.0,348.0,13.95000033080578,9.12969422340393,12.31379359960556,18.06771469116211,,
87.0,352.0,14.150000736117365,8.999810457229614,12.300000339746475,17.923086166381836,,
88.0,356.0,14.150000736117365,8.873369455337524,12.324138730764387,17.776762008666992,,
89.0,360.0,14.20000046491623,8.748788595199585,12.33275905251503,17.63762855529785,,
90.0,364.0,14.150001108646393,8.629009008407593,12.363793700933456,17.506738662719727,,
91.0,368.0,14.500000700354576,8.510254621505737,12.389656156301498,17.370376586914062,,
92.0,372.0,14.650001004338264,8.394916772842407,12.394828349351885,17.241924285888672,,
93.0,376.0,14.600000157952309,8.280466318130493,12.427587062120438,17.11182403564453,,
94.0,380.0,14.60000053048134,8.170264482498169,12.441379576921465,16.988271713256836,,
95.0,384.0,14.70000073313713,8.062175869941711,12.427587062120438,16.864307403564453,,
96.0,388.0,15.050001069903374,7.956488847732544,12.413793802261353,16.745866775512695,,
97.0,392.0,15.30000064522028,7.8532668352127075,12.40689754486084,16.628480911254883,,
98.0,396.0,15.250000730156898,7.75083315372467,12.400000542402267,16.512962341308594,,
99.0,400.0,15.400000661611555,7.650772333145142,12.441379576921465,16.400894165039062,,
100.0,404.0,15.600000321865082,7.553648233413696,12.448276579380035,16.28644371032715,,
102.0,412.0,15.700000524520874,7.363456726074219,12.44482845067978,16.060108184814453,,
104.0,420.0,15.900000929832458,7.180268526077271,12.405172735452652,15.846028327941896,,
106.0,428.0,15.75000062584877,7.005931735038757,12.42413893342018,15.647390365600586,,
108.0,436.0,15.950001031160356,6.839140057563782,12.451724708080292,15.446917533874512,,
110.0,444.0,16.25000089406967,6.67535400390625,12.475862354040146,15.251298904418944,,
112.0,452.0,16.25000089406967,6.521232604980469,12.489655613899233,15.065279960632324,,
114.0,460.0,16.15000106394291,6.368582129478455,12.541380524635317,14.883345603942873,,
116.0,468.0,16.100000590085983,6.2237467765808105,12.56551742553711,14.70905876159668,,
118.0,476.0,16.200000420212746,6.085092902183533,12.600000202655792,14.53751277923584,,
120.0,484.0,16.250000521540642,5.949907064437866,12.577587366104126,14.375349044799805,,
122.0,492.0,16.40000082552433,5.8195555210113525,12.63965517282486,14.216282844543455,,
124.0,500.0,16.300000622868538,5.694066405296326,12.644828855991364,14.061019897460938,0.9849933385849,12.83621
126.0,508.0,16.55000112950802,5.5717533826828,12.653449177742004,13.915761947631836,0.9333847761154176,11.334116
128.0,516.0,16.450000926852226,5.454193592071533,12.687931954860687,13.769938468933104,0.925076961517334,10.669003
130.0,524.0,16.600000485777855,5.339502453804016,12.693104147911072,13.629270553588867,0.9051547646522522,10.029459
132.0,532.0,16.55000075697899,5.229385137557983,12.701724469661713,13.493133544921877,0.920459508895874,9.594866
134.0,540.0,16.850000619888306,5.12270724773407,12.720690667629242,13.364130020141602,0.8889249563217163,9.218206
136.0,548.0,16.950000822544098,5.019745230674744,12.696552276611328,13.234532356262209,0.7810929417610168,8.897408
138.0,556.0,16.900000721216202,4.920424818992615,12.748277187347412,13.110722541809082,0.777094841003418,8.624071
140.0,564.0,16.850000619888306,4.823195219039917,12.72241473197937,12.992101669311523,0.8399503827095032,8.47635
142.0,572.0,17.20000058412552,4.731248497962952,12.76896595954895,12.87108325958252,0.8646944165229797,8.141152
144.0,580.0,17.05000065267086,4.639084815979004,12.81551718711853,12.75606918334961,0.8067082166671753,8.122944
146.0,588.0,17.400000989437103,4.550898671150208,12.813793122768402,12.646438598632812,0.7911416888237,8.057235
148.0,596.0,17.500000819563866,4.464157462120056,12.8431037068367,12.535141944885254,0.7282575368881226,7.741907
150.0,604.0,17.350000888109207,4.381052970886231,12.846551835536957,12.433738708496094,0.7323446869850159,7.4883432
153.0,616.0,17.350000888109207,4.260308504104614,12.912069261074066,12.280097007751465,0.7269973754882812,7.4934034
156.0,628.0,17.70000047981739,4.14408016204834,12.913793325424194,12.134660720825195,0.643040657043457,7.146409
159.0,640.0,17.750000953674316,4.032912313938141,12.972414493560793,11.988962173461914,0.8007798194885254,6.9404035
162.0,652.0,18.000001087784767,3.926673650741577,12.981034815311432,11.8516263961792,0.6729320287704468,6.6504683
165.0,664.0,18.20000074803829,3.825609087944031,12.986207008361816,11.72281551361084,0.7316866517066956,6.4286113
168.0,676.0,18.35000105202198,3.727307856082916,13.00000101327896,11.59376621246338,0.7377235293388367,6.362193
171.0,688.0,18.650000914931297,3.633586943149567,12.99138069152832,11.467348098754885,0.770919919013977,6.208186
174.0,700.0,18.80000084638596,3.542555809020996,13.022413849830627,11.346267700195312,0.7654187083244324,6.0809813
177.0,712.0,19.050000607967377,3.45534211397171,12.962070107460022,11.22815227508545,0.7046676874160767,5.8775625
180.0,724.0,19.1500011831522,3.3705686926841736,12.958621978759766,11.113539695739746,0.8854753375053406,5.7471156
183.0,736.0,19.55000087618828,3.2891805768013,12.967242300510406,10.996143341064451,0.791061520576477,5.5244355
186.0,748.0,19.600000604987144,3.210235297679901,13.003449141979218,10.893647193908691,0.764536440372467,5.2947955
189.0,760.0,20.10000087320805,3.1338180899620056,13.012069463729858,10.785259246826172,0.669633150100708,5.1392927
192.0,772.0,20.05000114440918,3.0593924522399902,13.04827630519867,10.683205604553224,0.8396454453468323,5.112257
195.0,784.0,20.150000974535946,2.9879127144813538,13.068966567516329,10.584160804748535,0.8397371768951416,4.9697595
198.0,796.0,20.150000974535946,2.9187373518943787,13.074138760566711,10.482422828674316,0.9107626080513,4.7030354
201.0,808.0,20.55000104010105,2.851674675941468,13.132759928703308,10.38831615447998,0.8261547088623047,4.777377
205.0,824.0,20.800001174211506,2.765924036502838,13.141380250453947,10.264811515808104,0.7358002066612244,4.3553
209.0,840.0,21.20000086724758,2.684172809123993,13.182759284973145,10.14887523651123,0.7851076126098633,4.3976445
213.0,856.0,21.650001406669617,2.6058108806610107,13.217242062091827,10.03286361694336,0.7198981046676636,4.2731357
217.0,872.0,22.15000092983246,2.531435072422028,13.25172483921051,9.923956871032717,0.7752208709716797,4.003561
221.0,888.0,22.200000658631325,2.4592297673225403,13.256897032260897,9.818495750427246,0.6961855888366699,3.6870303
225.0,904.0,22.65000119805336,2.390470027923584,13.260345160961151,9.714675903320312,0.763247013092041,3.6870303
229.0,920.0,23.000000789761543,2.324273765087128,13.244828581809998,9.614081382751465,0.7445554137229919,3.5922313
233.0,936.0,23.400000855326653,2.260470986366272,13.27931135892868,9.519855499267578,0.6927241086959839,3.5092661
237.0,952.0,23.90000112354756,2.1994239687919617,13.327586650848389,9.426006317138672,0.7401674389839172,3.4196794
241.0,968.0,24.10000078380108,2.141163825988769,13.324138522148132,9.33845329284668,0.6872164607048035,3.3038993
245.0,984.0,24.45000074803829,2.0849066376686096,13.343104720115662,9.24931526184082,0.6045934557914734,3.2247024
249.0,1000.0,24.9500010162592,2.03077119588852,13.358621299266815,9.164297103881836,0.6934864521026611,3.1899402
253.0,1016.0,24.8500008136034,1.978746384382248,13.420690596103668,9.08232593536377,0.5504977703094482,3.1700754
258.0,1036.0,25.30000135302544,1.9160275757312768,13.453449308872225,8.985325813293457,0.6116058230400085,2.9507139
263.0,1056.0,25.65000168979168,1.856838434934616,13.50344866514206,8.890192031860352,0.5627050995826721,2.8823454
268.0,1076.0,26.20000205934048,1.7997975051403046,13.500000536441805,8.797125816345215,0.5785732269287109,2.8065572
273.0,1096.0,26.650001481175423,1.745330572128296,13.505172729492188,8.709470748901367,0.3409208655357361,2.7061768
278.0,1116.0,26.750001311302185,1.6929127871990204,13.537931442260742,8.623175621032715,0.5671606063842773,2.5408866
283.0,1136.0,26.80000066757202,1.6429986357688904,13.603448867797852,8.539855003356934,0.3431451916694641,2.5376256
288.0,1156.0,27.300001680850983,1.5954689979553225,13.61379325389862,8.460962295532227,0.3542289435863495,2.5819101
293.0,1176.0,27.550001442432404,1.5492455661296844,13.646551966667175,8.38269329071045,0.5301284193992615,2.4789844
298.0,1196.0,27.85000056028366,1.505140334367752,13.708621263504028,8.309331893920898,0.3517645001411438,2.4128706
303.0,1216.0,28.300000727176663,1.4627796709537506,13.720689713954926,8.235063552856445,0.3714485168457031,2.3286514
309.0,1240.0,29.250001162290573,1.41377854347229,13.763794302940369,8.151349067687988,0.584746241569519,2.3815765
315.0,1264.0,30.000001937150955,1.36735862493515,13.80000114440918,8.0693998336792,0.5103563666343689,2.4394646
321.0,1288.0,30.25000095367432,1.32297545671463,13.844828307628632,7.989534854888916,0.5446681380271912,2.3082912
327.0,1312.0,30.900001525878903,1.2804864943027496,13.843104243278503,7.914775848388672,0.3546907007694244,2.2824028
333.0,1336.0,31.25000149011612,1.239508032798767,13.879311084747314,7.838584899902344,0.2622681260108948,2.1591022
339.0,1360.0,31.700001657009125,1.2007693350315094,13.915517926216124,7.765781402587891,0.4081081748008728,2.0916972
345.0,1384.0,32.30000212788582,1.1637630462646484,13.932760059833528,7.6964521408081055,0.3683756589889526,2.2048552
351.0,1408.0,32.750001549720764,1.128092736005783,13.99482786655426,7.629286289215088,0.3493169248104095,2.0762415
358.0,1436.0,32.90000185370445,1.0884742438793182,14.067241549491882,7.554588794708252,0.2785346210002899,2.0658088
365.0,1464.0,33.650001883506775,1.0504547357559204,14.094828069210052,7.47898530960083,0.5216229557991028,1.6860765
372.0,1492.0,33.900000900030136,1.014492750167847,14.136207103729248,7.407449245452881,0.3581944108009338,1.4995127
379.0,1520.0,34.300000965595245,0.9801824688911438,14.160345494747162,7.337964057922363,0.357644647359848,1.4912343
386.0,1548.0,34.950001537799835,0.9472528249025344,14.206896722316742,7.269532203674316,0.3224020302295685,1.5374833
393.0,1576.0,35.50000116229057,0.9157256633043288,14.1982764005661,7.201892375946045,0.4569447338581085,1.6314844
400.0,1604.0,36.200001090765,0.8855478018522263,14.222414791584017,7.139663219451904,0.3500992655754089,1.5247331
408.0,1636.0,36.60000115633011,0.8528106212615967,14.243103563785551,7.067131042480469,0.3672152459621429,1.4973106
416.0,1668.0,37.60000243782997,0.8216758519411087,14.28276002407074,6.999290943145752,0.2245009690523147,1.436415
424.0,1700.0,38.25000151991844,0.7917460650205612,14.31896686553955,6.93347692489624,0.3646694421768188,1.4201057
432.0,1732.0,38.90000134706497,0.7635799795389175,14.379310607910156,6.869874954223633,0.4966792166233063,1.3699317
440.0,1764.0,39.5500011742115,0.7365536540746689,14.389656484127045,6.807554244995117,0.3462853133678436,1.1667761
448.0,1796.0,40.10000228881836,0.710685595870018,14.412069320678713,6.748147487640381,0.3475001454353332,1.3759671
456.0,1828.0,40.60000255703926,0.6861391514539719,14.412069320678713,6.688660621643066,0.2599409818649292,1.496155
465.0,1864.0,41.15000143647194,0.6595101356506348,14.479310810565948,6.628906726837158,0.237828716635704,1.5100515
474.0,1900.0,42.250002175569534,0.6344486325979233,14.510345458984377,6.564485549926758,0.358202189207077,1.6307923
483.0,1936.0,43.150002509355545,0.6103517413139343,14.572414755821228,6.5040388107299805,0.2758023142814636,1.7600287
492.0,1972.0,44.35000270605087,0.5874663144350052,14.622414112091064,6.444202899932861,0.366003543138504,1.854881
501.0,2008.0,45.100001990795135,0.5656987726688385,14.698275923728945,6.389114856719971,0.2269629836082458,1.9263624
511.0,2048.0,46.30000218749046,0.5425769686698914,14.736208319664,6.3261027336120605,0.2389721572399139,2.028535
521.0,2088.0,46.95000126957893,0.520769290626049,14.768965542316437,6.266458034515381,0.2259103953838348,2.1172137
531.0,2128.0,47.55000248551369,0.500220850110054,14.777587354183195,6.207221508026123,0.2739399671554565,1.9500743
541.0,2168.0,48.65000247955322,0.4804851710796356,14.848276972770693,6.150347709655762,0.235869362950325,1.8358479
551.0,2208.0,49.90000203251839,0.4619108587503433,14.856897294521332,6.095186233520508,0.2255732268095016,1.8230195
562.0,2252.0,51.00000277161598,0.4424831792712211,14.90517258644104,6.038158893585205,0.2154236733913421,1.8174918
573.0,2296.0,52.3000031709671,0.4237804263830185,14.92413878440857,5.979912281036377,0.1958484947681427,1.4436282
584.0,2340.0,53.55000197887421,0.4062239080667496,14.977586269378662,5.926270008087158,0.2202275842428207,1.3735456
595.0,2384.0,54.40000146627426,0.3893612399697304,15.012069046497343,5.872229099273682,0.2159453481435775,1.2204525
606.0,2428.0,55.7500034570694,0.3734441474080086,15.02586305141449,5.820418357849121,0.220020517706871,0.9921045
618.0,2476.0,57.10000246763229,0.3570543378591537,15.084484219551086,5.763617515563965,0.220484122633934,0.85305786
630.0,2524.0,58.000002801418304,0.341479443013668,15.132759511470796,5.71218204498291,0.2553902566432953,0.77751213
642.0,2572.0,59.10000205039978,0.3266999721527099,15.172414481639862,5.659303188323975,0.2432871162891388,0.7059882
654.0,2620.0,60.600002110004425,0.3126917108893394,15.237931907176971,5.6090474128723145,0.2436792105436325,0.6499523
667.0,2672.0,61.70000284910202,0.2983358502388,15.31379371881485,5.55525016784668,0.2146123051643371,0.6499523
680.0,2724.0,62.75000274181366,0.2846228331327438,15.339656174182892,5.504404544830322,0.2519794106483459,0.6434883
693.0,2776.0,64.40000385046005,0.271643303334713,15.356896817684174,5.454212188720703,0.2033277153968811,0.63164645
706.0,2828.0,65.90000241994858,0.2594021260738373,15.418966114521028,5.405141353607178,0.207371324300766,0.6133407
720.0,2884.0,66.80000275373459,0.2468330115079879,15.455172955989838,5.355077266693115,0.2565868496894836,0.5691465
734.0,2940.0,67.80000180006027,0.2349890545010566,15.515518188476562,5.3053131103515625,0.1639776825904846,0.66811776
748.0,2996.0,68.75000298023224,0.223742589354515,15.589655935764313,5.256762981414795,0.2242498397827148,0.65833044
762.0,3052.0,69.70000267028809,0.2131990604102611,15.624138712882996,5.210231304168701,0.2506196796894073,0.75318277
777.0,3112.0,70.30000388622284,0.2024573311209678,15.65689742565155,5.160923957824707,0.2398625612258911,0.7391362
792.0,3172.0,72.1500039100647,0.1922872103750705,15.708620846271517,5.112273693084717,0.2295906096696853,0.978413
807.0,3232.0,73.15000295639038,0.182702500373125,15.763793885707855,5.067235946655273,0.1694182306528091,0.8317838
823.0,3296.0,74.5000034570694,0.1731641516089439,15.800000727176666,5.01728630065918,0.2261203378438949,0.93060505
839.0,3360.0,75.85000544786453,0.1640799939632415,15.841379761695862,4.971515655517578,0.2311491072177887,0.99310505
855.0,3424.0,77.45000422000885,0.155569564551115,15.910345315933228,4.926961421966553,0.2654959261417389,0.8597269
872.0,3492.0,79.10000383853912,0.1470540203154087,15.948276221752169,4.879633903503418,0.2113897502422332,0.59993964
889.0,3560.0,80.60000389814377,0.1390338614583015,16.00172519683838,4.832651615142822,0.2395351231098175,0.44479203
906.0,3628.0,81.50000423192978,0.1314846202731132,16.058620810508728,4.788559913635254,0.2317582815885543,0.2939037
924.0,3700.0,82.95000493526459,0.1239581368863582,16.124138236045837,4.742599010467529,0.2356238365173339,0.4814037
942.0,3772.0,83.65000486373901,0.1169276554137468,16.153448820114136,4.698136329650879,0.24549400806427,0.28347087
960.0,3844.0,84.45000350475311,0.1103128287941217,16.17586314678192,4.654496669769287,0.2225648015737533,0.37832326
979.0,3920.0,85.80000400543213,0.1037794668227434,16.24138057231903,4.608810424804688,0.2495847046375274,0.53253466
998.0,3996.0,86.9000032544136,0.0976379197090864,16.305173933506012,4.565196514129639,0.1719463020563125,0.6329148
1017.0,4072.0,87.85000443458557,0.0918688848614692,16.386207938194275,4.52322244644165,0.2429301738739013,0.7992587
1037.0,4152.0,89.00000602006912,0.0861788839101791,16.432759165763855,4.479581832885742,0.2119272500276565,0.7550645
1057.0,4232.0,89.80000466108322,0.0807154905050993,16.468966007232666,4.436952590942383,0.1726733297109604,0.88118297
1078.0,4316.0,90.80000519752502,0.0754541866481304,16.505172848701477,4.39414119720459,0.2138680517673492,0.98943615
1099.0,4400.0,91.70000404119492,0.070502458140254,16.58448427915573,4.352108478546143,0.2355854511260986,0.7263258
1120.0,4484.0,92.30000376701356,0.0659167300909757,16.612069308757782,4.311300277709961,0.2308327704668045,0.66632104
1142.0,4572.0,93.0000051856041,0.0614382373169064,16.70689731836319,4.268466472625732,0.2250518351793289,0.5972394
1164.0,4660.0,93.95000338554382,0.0571985924616456,16.681034862995148,4.227895736694336,0.2515979707241058,0.7481277
1187.0,4752.0,94.65000480413435,0.0530618885532021,16.746552288532257,4.186708450317383,0.2864052355289459,0.5838386
1210.0,4844.0,95.20000517368317,0.049256439320743,16.853448748588562,4.147243022918701,0.1727255284786224,0.72826284
1234.0,4940.0,95.85000574588776,0.0456665931269526,16.90000146627426,4.105862140655518,0.1917496025562286,0.66038513
1258.0,5036.0,96.65000587701796,0.0422029588371515,16.99482798576355,4.066427707672119,0.1727225035429,0.66038513
1283.0,5136.0,96.95000499486925,0.0388947995379567,17.02241450548172,4.026186943054199,0.2293155789375305,0.5094968
1308.0,5236.0,97.1500039100647,0.0358841298148036,17.084483802318573,3.9868686199188232,0.1756570637226104,0.46530265
1334.0,5340.0,97.65000343322754,0.0329586951993405,17.15344935655594,3.947340726852417,0.2287264913320541,0.41352594
1360.0,5444.0,98.00000339746477,0.0302538881078362,17.20000058412552,3.9083096981048575,0.2272557318210601,0.28852594
1387.0,5552.0,98.30000400543211,0.0276905507780611,17.258621752262115,3.869089365005493,0.2395428270101547,0.499064
1414.0,5660.0,98.55000525712968,0.0253360620699822,17.363794147968292,3.832329034805298,0.263548195362091,0.3298698
1442.0,5772.0,98.80000501871108,0.0231015696190297,17.410345375537872,3.79259181022644,0.2556673586368561,0.33745232
1470.0,5884.0,99.20000433921814,0.0210402943193912,17.500001192092896,3.7563674449920654,0.2911298274993896,0.38164648
1499.0,6000.0,99.25000369548798,0.0191283831372857,17.574138939380646,3.7195022106170654,0.2216029167175293,0.50444174
1528.0,6116.0,99.4000032544136,0.0173385539092123,17.63448417186737,3.682997941970825,0.1760454177856445,0.4160534
1558.0,6236.0,99.55000430345537,0.0156325395219028,17.734484374523163,3.6462793350219727,0.2703460156917572,0.43435925
1589.0,6360.0,99.6000036597252,0.014054705388844,17.817242443561554,3.610536575317383,0.261018306016922,0.5112608
1620.0,6484.0,99.70000237226486,0.0126299047842621,17.86896586418152,3.574218273162842,0.1920056343078613,0.30433655
1652.0,6612.0,99.80000257492064,0.0113170621916651,17.91379451751709,3.5387511253356934,0.2522693872451782,0.22778997
1685.0,6744.0,99.80000257492064,0.0100585122127085,17.955173552036285,3.502653121948242,0.2590696811676025,0.21891615
1718.0,6876.0,99.90000128746031,0.008941319771111,18.02931129932404,3.4687724113464355,0.2504417598247528,0.0
1752.0,7012.0,99.90000128746031,0.0079201309708878,18.081034719944,3.4331982135772705,0.2702504694461822,0.0
1787.0,7152.0,99.95000064373016,0.0069778824690729,18.1275874376297,3.3976917266845703,0.2268714904785156,0.16919418
1822.0,7292.0,99.95000064373016,0.006133014569059,18.22931170463562,3.3632583618164062,0.2801056802272796,0.16919418
1858.0,7436.0,99.95000064373016,0.0053841361077502,18.26207041740417,3.328110694885254,0.1948580890893936,0.16919418
1895.0,7584.0,99.95000064373016,0.0046541069750674,18.36034506559372,3.293562650680542,0.2559566497802734,0.21985239
1932.0,7732.0,100.0,0.0040617932099848,18.40689778327942,3.260230302810669,0.2430803626775741,0.15735239
1970.0,7884.0,100.0,0.0035104246926493,18.52758675813675,3.226959228515625,0.2181758433580398,0.23389894
2009.0,8040.0,100.0,0.0030329997534863,18.57241541147232,3.1927924156188965,0.2707523703575134,0.0
2049.0,8200.0,100.0,0.0025877923471853,18.67413818836212,3.1595797538757324,0.2563183009624481,0.088388346
2089.0,8360.0,100.0,0.0022234214702621,18.77586245536804,3.12530779838562,0.2487190812826156,0.32766503
2130.0,8524.0,100.0,0.0019043222127947,18.82931143045425,3.0924737453460693,0.2668087184429168,0.41605335
2172.0,8692.0,100.0,0.0016203130071517,18.93620789051056,3.0588583946228027,0.1925532966852188,0.32766503
2215.0,8864.0,100.0,0.0015514095430262,18.965518474578857,3.023394823074341,0.2291683405637741,0.24148145
2259.0,9040.0,100.0,0.0011521139531396,19.09655332565308,2.9924983978271484,0.2244885712862014,0.1894143
2304.0,9220.0,100.0,0.0010564540280029,19.15862113237381,2.959223747253418,0.1849910169839859,0.33301058
2350.0,9404.0,100.0,0.0018504372856114,19.234484434127808,2.9204909801483154,1.1441646814346311,1.1738309
2397.0,9592.0,100.0,0.0011127291654702,19.377587735652924,2.8787198066711426,0.7818198204040527,1.7245709
2444.0,9780.0,100.0,0.0011758707405533,19.53793168067932,2.8406240940093994,0.7550376057624817,2.1836145
2492.0,9972.0,100.0,0.001140171138104,19.51034516096115,2.803184986114502,1.0928335189819336,1.6456468
2541.0,10168.0,100.0,0.0015369566681329,19.66379433870316,2.7618484497070312,1.2960262298583984,2.420919
2591.0,10368.0,100.0,0.0008991846698336,19.796553254127502,2.714505672454834,1.3841289281845093,4.214292
2642.0,10572.0,100.0,0.0013319491990841,19.9741393327713,2.672537088394165,1.3276571035385132,4.9073877
2694.0,10780.0,99.95000064373016,0.0018953348044306,19.987931847572327,2.612211465835572,1.6750301122665403,6.507326
2747.0,10992.0,100.0,0.0014716598961967,20.129311084747314,2.566293954849243,1.75933575630188,7.772818
2801.0,11208.0,100.0,0.0017058875528164,20.381034910678864,2.5190212726593018,1.7207131385803225,6.665876
2857.0,11432.0,100.0,0.0025178641080856,20.40344923734665,2.427813768386841,1.9053027629852293,9.518423
2914.0,11660.0,100.0,0.000264768670604,20.46379446983337,2.39599347114563,0.2239259928464889,6.855498
2972.0,11892.0,100.0,0.0045231412514112,20.525863766670227,2.360805988311768,1.4617927074432373,3.0921106
3031.0,12128.0,100.0,0.0004982709651812,20.88448405265808,2.256436586380005,1.1159666776657104,7.2913494
3091.0,12368.0,100.0,0.0008824727556202,20.981036126613617,2.226417303085327,0.830294668674469,6.549244
3152.0,12612.0,100.0,0.005066696088761,21.30689769983292,2.130781412124634,1.803120851516724,6.8869553
3215.0,12864.0,100.0,0.0006679992948193,21.446552872657776,2.086374282836914,1.3332098722457886,10.359723
3279.0,13120.0,100.0,0.0043422764865681,21.644829213619232,2.02224063873291,1.5639172792434692,7.6184816
3344.0,13380.0,100.0,0.0008105567685561,22.020690143108368,1.954356551170349,1.3552254438400269,8.534884
3410.0,13644.0,100.0,0.0018242264923173,21.951724588871,1.8932117223739624,1.853131890296936,7.4401636
3478.0,13916.0,100.0,0.003787258407101,22.284483909606934,1.818749189376831,1.7609235048294067,11.288042
3547.0,14192.0,100.0,0.0012206497194711,22.69138097763061,1.762282371520996,1.5280176401138306,11.89234
3617.0,14472.0,100.0,0.0047650431515648,23.06896597146988,1.6891183853149414,1.777670979499817,9.24868
3689.0,14760.0,100.0,0.0020379562629386,23.35172593593597,1.6225420236587524,1.4436181783676147,10.022845
3762.0,15052.0,100.0,0.0017681182944215,23.50517362356186,1.5636541843414309,1.822345495223999,9.189627
3837.0,15352.0,100.0,0.0019999767828267,23.89482855796814,1.5118142366409302,1.9469785690307613,9.38018
3913.0,15656.0,100.0,0.00237593537895,24.2120698094368,1.432030200958252,1.866701602935791,12.196629
3991.0,15968.0,100.0,0.0012068227224517,24.782760441303253,1.3808341026306152,1.4716434478759766,12.119534
4070.0,16284.0,100.0,0.0012683343957178,25.048276782035828,1.307640790939331,1.598911166191101,12.367901
4151.0,16608.0,100.0,0.0033705888199619,25.88965594768524,1.26269793510437,1.6919690370559692,9.045854
4234.0,16940.0,100.0,0.0012092781544197,26.03448331356049,1.1942853927612305,1.5574982166290283,10.302595
4318.0,17276.0,100.0,0.0018197420868091,26.35517418384552,1.1471341848373413,1.9016810655593872,9.563486
4404.0,17620.0,100.0,0.0011307272070553,26.939657330513,1.0831283330917358,1.7481516599655151,13.563631
4492.0,17972.0,100.0,0.000919764075661,27.39482820034027,1.0315403938293457,1.889148235321045,11.952162
4581.0,18328.0,100.0,0.0012725921988021,27.96551883220673,0.9883843064308168,1.80268943309784,11.47376
4672.0,18692.0,100.0,0.0015540957974735,28.32413911819458,0.9342350363731384,1.7539900541305542,11.768123
4765.0,19064.0,100.0,0.0017785487580113,29.070690274238583,0.8856090307235718,1.8658000230789185,11.634823
4860.0,19444.0,100.0,0.0017209511133842,29.389655590057373,0.8452542424201965,1.7775700092315674,10.005675
4957.0,19832.0,100.0,0.0014375362952705,30.08448481559753,0.7993414998054504,1.6689516305923462,11.153199
5056.0,20228.0,100.0,0.00062061958306,30.891379714012142,0.7536531686782837,1.4971517324447632,11.436687
5157.0,20632.0,100.0,0.0006056812562746,31.36034607887268,0.7107726335525513,1.689276099205017,11.621244
5260.0,21044.0,100.0,0.0007644041470484,32.07586407661438,0.6749989986419678,1.88517701625824,11.394323
5365.0,21464.0,99.95000064373016,0.0010072442819364,32.832759618759155,0.6360750794410706,1.5992883443832395,11.524244
5472.0,21892.0,100.0,0.0010864715586649,33.71724188327789,0.6048101186752319,1.7986780405044556,11.968614
5581.0,22328.0,100.0,0.0005735675367759,34.374138712883,0.5682279467582703,2.056359052658081,13.330107
5692.0,22772.0,100.0,0.0002586499431345,35.07758677005768,0.5363686680793762,1.5895171165466309,10.524761
5805.0,23224.0,100.0,0.0004635406294255,35.756897926330566,0.5061275959014893,1.5293368101119995,10.712877
5921.0,23688.0,100.0,0.0007241273997351,36.85172498226166,0.4759065806865692,1.6037578582763672,11.948675
6039.0,24160.0,100.0,0.0008122628059936,37.763795256614685,0.4499465227127075,1.915766716003418,11.006602
6159.0,24640.0,100.0,0.0006039951986167,38.4862095117569,0.4238730072975158,1.7268394231796265,12.861042
6282.0,25132.0,100.0,0.0008150921203196,39.56207036972046,0.3963277637958526,1.9721121788024905,12.42265
6407.0,25632.0,100.0,0.0010078046761918,40.52241444587708,0.376386821269989,1.9618324041366573,9.444439
6535.0,26144.0,100.0,0.0009808527538552,41.2810355424881,0.3561629951000213,1.8132113218307493,10.805053
6665.0,26664.0,100.0,0.0006359518301906,42.45344996452332,0.3353236317634582,1.765937566757202,12.1503525
6798.0,27196.0,100.0,0.0003144985748804,43.62069070339203,0.3157777488231659,1.5377954244613647,12.297533
6933.0,27736.0,100.0,0.0003574499933165,44.75862383842468,0.2950301170349121,1.976096749305725,14.520436
7071.0,28288.0,100.0,0.000148714534589,45.77069282531738,0.2790775299072265,1.7014055252075195,12.015112
7212.0,28852.0,100.0,0.0003450236254138,46.89827859401703,0.2631336450576782,1.985903143882752,12.599236
7356.0,29428.0,100.0,0.0002945308369817,47.84138202667236,0.248668760061264,2.0996572971343994,11.692261
7503.0,30016.0,100.0,0.0002820084118866,48.85689914226532,0.2347386330366134,1.7908742427825928,12.326763
7653.0,30616.0,100.0,0.0001458899969293,50.206899642944336,0.2201328128576278,1.6951459646224976,12.185986
7806.0,31228.0,100.0,0.0001501135884609,51.36379599571228,0.2079375833272934,1.7544715404510498,11.858495
7962.0,31852.0,100.0,0.0003361321287229,52.58275866508484,0.1961748749017715,1.900147557258606,12.069652
8121.0,32488.0,100.0,0.0001803138511604,53.577589988708496,0.1852188557386398,1.7602607011795044,12.689165
8283.0,33136.0,100.0,9.64120335993357e-05,54.67586517333984,0.1757490634918213,1.7134276628494265,11.525886
8448.0,33796.0,100.0,0.000301385851344,55.98793625831604,0.1656515449285507,1.778969168663025,13.4511385
8616.0,34468.0,100.0,0.0001376433501718,56.96207284927368,0.1575526148080825,1.5865139961242676,12.510061
8788.0,35156.0,100.0,0.0003882809614879,58.24483036994934,0.1483522057533264,1.6306781768798828,13.402897
8963.0,35856.0,100.0,0.0002646374050527,59.420692920684814,0.1408420503139495,1.6427048444747925,12.644894
9142.0,36572.0,100.0,0.0001960503795999,60.27241945266724,0.1340441107749939,1.660667896270752,10.386776
9324.0,37300.0,100.0,0.0002267626550747,61.55862212181091,0.1274988353252411,1.8972059488296509,12.845131
9510.0,38044.0,100.0,0.00010467150787,62.45344877243042,0.1210185214877128,1.7386714220046997,13.242769
9700.0,38804.0,100.0,0.0001536255258542,63.60689997673035,0.115476593375206,2.0052835941314697,12.65093
9894.0,39580.0,100.0,9.776649130799342e-05,64.53448534011841,0.110084094107151,1.5179873704910278,11.696436
10091.0,40368.0,100.0,0.0002118570228049,65.37586450576782,0.1054176241159439,1.7179726362228394,11.390348
10292.0,41172.0,100.0,7.8990629845066e-05,66.47586822509766,0.0998453646898269,1.4839298725128174,12.229149
10497.0,41992.0,100.0,0.0002730108899413,67.35345125198364,0.0959265381097793,1.8665790557861328,13.527318
10706.0,42828.0,100.0,7.366011413978413e-05,68.38793158531189,0.0915538519620895,1.6945905685424805,13.7504635
10920.0,43684.0,100.0,0.0001733361532387,69.05173063278198,0.087942324578762,1.5836342573165894,11.806443
11138.0,44556.0,100.0,0.0002021280051849,69.99310851097107,0.0842809453606605,1.9267232418060305,12.340443
11360.0,45444.0,100.0,3.3167303627124056e-05,70.79138159751892,0.0808292776346206,1.7706719636917114,13.446383
11587.0,46352.0,100.0,0.0001370213067275,71.63103818893433,0.0776746720075607,1.934783101081848,10.355968
11818.0,47276.0,100.0,0.0001144268535426,72.58448600769043,0.0747224017977714,1.7212845087051392,13.185297
12054.0,48220.0,100.0,5.780951414635638e-05,73.21379780769348,0.0719761401414871,1.737265706062317,11.878792
12295.0,49184.0,100.0,9.2663251052727e-05,73.92069101333618,0.0693996027112007,1.6693007946014404,11.937929
12540.0,50164.0,100.0,4.002565947303083e-05,74.75690245628357,0.0668778494000434,1.6658968925476074,14.034235
12790.0,51164.0,100.0,3.912305601261323e-05,75.44828057289124,0.0646401047706604,1.639490008354187,12.963062
13045.0,52184.0,100.0,4.265428378857905e-05,76.11379623413086,0.0625474825501442,1.5832254886627195,12.50082
13305.0,53224.0,100.0,4.383861778478604e-05,76.73793435096741,0.0605124346911907,1.7236595153808594,12.900821
13571.0,54288.0,100.0,9.530637544230558e-05,77.26207375526428,0.0585820041596889,1.6623505353927612,13.203152
13842.0,55372.0,100.0,0.0001184355187433,77.83793210983276,0.0569509975612163,1.7770885229110718,12.028404
14118.0,56476.0,100.0,5.034681180404732e-05,78.56897115707397,0.0551008954644203,1.7368108034133911,12.243086
14400.0,57604.0,100.0,4.390161848277785e-05,79.08965945243835,0.0535051822662353,1.57749605178833,12.216931
14688.0,58756.0,100.0,8.104636981443036e-05,79.7189712524414,0.0519831776618957,1.8941233158111568,11.554005
14981.0,59928.0,100.0,2.341186518606264e-05,80.16896843910217,0.050500500947237,1.798654317855835,10.5858345
15280.0,61124.0,100.0,9.466046140005346e-05,80.59655427932739,0.0491248965263366,1.6239997148513794,12.799062
15585.0,62344.0,100.0,7.907904364401475e-05,81.07931613922119,0.0478191338479518,1.486047387123108,10.740269
15896.0,63588.0,100.0,5.421754212875385e-05,81.52931332588196,0.0465902872383594,1.635342717170715,11.520939
16213.0,64856.0,100.0,7.699883281020448e-05,81.89311027526855,0.0454115532338619,1.6495469808578491,12.601946
16537.0,66152.0,100.0,3.6421650293050334e-05,82.32759237289429,0.0444003976881504,1.5828497409820557,11.987307
16867.0,67472.0,100.0,3.68084783985978e-05,82.64827728271484,0.0433748289942741,1.6957961320877075,12.705618
17204.0,68820.0,100.0,2.503434143363848e-05,83.05345177650452,0.0423833802342414,1.685839295387268,11.961006
17548.0,70196.0,100.0,4.587527746480191e-05,83.41379761695862,0.0414163321256637,1.728678584098816,11.9324465
17898.0,71596.0,100.0,5.592624620476272e-05,83.82931351661682,0.0404538735747337,1.6141290664672852,9.714561
18255.0,73024.0,100.0,2.869554464268731e-05,84.08966064453125,0.0396012216806411,1.5453420877456665,12.712946
18620.0,74484.0,100.0,5.205062097957125e-05,84.42931175231934,0.0387163199484348,1.7521871328353882,9.585336
18992.0,75972.0,100.0,5.3423867939272895e-05,84.74138379096985,0.0379809401929378,2.091146230697632,10.253496
19371.0,77488.0,100.0,6.883639980515e-05,85.02931594848633,0.037158690392971,1.4774203300476074,11.780408
19758.0,79036.0,100.0,1.746568591443065e-05,85.24138331413269,0.0364009328186512,1.7874516248703003,10.329847
20153.0,80616.0,100.0,2.6524756776780123e-05,85.48104166984558,0.0357326716184616,2.1098780632019043,12.073481
20556.0,82228.0,100.0,3.180278554282268e-05,85.73966026306152,0.0350596383213996,1.6476187705993652,12.766548
20967.0,83872.0,100.0,4.237372195348144e-05,86.00517511367798,0.0344077497720718,1.56011700630188,9.745032
21386.0,85548.0,100.0,1.958052098416374e-05,86.23104095458984,0.0338140837848186,1.877865195274353,10.659627
21813.0,87256.0,100.0,2.4782293621683493e-05,86.38103604316711,0.0331851057708263,2.205167770385742,10.177588
22249.0,89000.0,100.0,2.739162528087036e-05,86.58448457717896,0.0326502248644828,1.60325026512146,10.449785
22693.0,90776.0,100.0,1.4871235862301546e-05,86.7982804775238,0.0320547893643379,1.6006346940994265,13.219309
23146.0,92588.0,100.0,2.9515488677134272e-05,86.9655191898346,0.0314860343933105,1.8157011270523071,9.278237
23608.0,94436.0,100.0,1.4772782151339923e-05,87.16724514961243,0.0309336818754673,1.7795733213424685,12.170274
24080.0,96324.0,100.0,7.058757364575285e-05,87.36724853515625,0.0304165687412023,1.7231459617614746,10.241798
24561.0,98248.0,100.0,2.073148380077328e-05,87.52069473266602,0.0299373250454664,1.6566354036331177,10.5977125
25052.0,100212.0,100.0,6.136973638604104e-06,87.65862584114075,0.0294385589659214,1.7815814018249512,12.422775
25553.0,102216.0,100.0,1.1112852689620922e-05,87.77931332588196,0.0290015302598476,2.104769706726074,8.959805
26064.0,104260.0,100.0,1.1247536349401344e-05,87.97242045402527,0.0285163931548595,1.8365161418914795,10.143558
26585.0,106344.0,100.0,1.467814377065224e-05,88.08793425559998,0.0281228311359882,1.6210793256759644,10.63731
27116.0,108468.0,100.0,2.7266156394034624e-05,88.19310665130615,0.0277055706828832,1.6089881658554075,7.296314
27658.0,110636.0,100.0,3.85798330171383e-05,88.39138150215149,0.0272021163254976,1.6498100757598877,9.839158
28211.0,112848.0,100.0,1.1685652452797513e-05,88.51897120475769,0.0267946831881999,1.7014364004135132,10.837233
28775.0,115104.0,100.0,1.1631278994173044e-05,88.63276243209839,0.0263740103691816,1.6961495876312256,12.572985
29350.0,117404.0,100.0,1.796376000129385e-05,88.71896862983704,0.0260131359100341,1.706505537033081,10.273005
29937.0,119752.0,100.0,7.302239964701584e-06,88.80862593650818,0.0256152376532554,1.7370332479476929,8.831234
30535.0,122144.0,100.0,1.5584280163238873e-05,88.93276453018188,0.025277866050601,1.7074629068374634,10.019759
31145.0,124584.0,100.0,1.516356269348762e-05,88.99138569831848,0.0249304678291082,1.7489984035491943,9.449957
31767.0,127072.0,100.0,9.644895953897503e-06,89.11207318305969,0.0246293824166059,1.8955999612808228,10.198406
32402.0,129612.0,100.0,1.5520840861427132e-05,89.23448920249939,0.0242849979549646,1.6813178062438965,9.541308
33050.0,132204.0,100.0,9.675987257651286e-06,89.33621048927307,0.0239733587950468,1.788349986076355,7.941964
33711.0,134848.0,100.0,1.0909718412221991e-05,89.44483399391174,0.0236930828541517,1.7532087564468384,9.786036
34385.0,137544.0,100.0,1.0036631692855735e-05,89.5275890827179,0.0233394932001829,1.618199348449707,10.488797
35072.0,140292.0,100.0,4.911011387775943e-06,89.65000510215759,0.0230592601001262,2.025842666625977,10.092182
35773.0,143096.0,100.0,8.66335972204979e-06,89.74828124046326,0.0227718278765678,1.846325397491455,9.713217
36488.0,145956.0,100.0,1.3062356174486922e-05,89.82586860656738,0.0225175376981496,1.7103486061096191,9.116545
37217.0,148872.0,100.0,2.8495169317466207e-05,89.84310626983643,0.0221951007843017,1.6523607969284058,9.138011
37961.0,151848.0,100.0,1.492604019404098e-05,89.99655842781067,0.0218851640820503,1.7984740734100342,8.459974
38720.0,154884.0,100.0,2.407185434094572e-06,90.09138345718384,0.0216225124895572,1.9914536476135247,9.693997
39494.0,157980.0,100.0,1.5275326859409688e-05,90.17069339752196,0.0213630311191082,1.6716716289520264,8.701322
40283.0,161136.0,100.0,6.007676574881771e-06,90.2551770210266,0.0210812836885452,2.042740821838379,9.679131
41088.0,164356.0,100.0,8.10616506896622e-06,90.38793444633484,0.0208078045397996,1.720588207244873,7.163483
41909.0,167640.0,100.0,2.157406242986326e-05,90.489661693573,0.0205079112201929,1.8698102235794067,7.4011917
42747.0,170992.0,100.0,3.955443276026927e-06,90.6086266040802,0.0202463902533054,1.8453514575958248,7.566705
43601.0,174408.0,100.0,2.18910836338182e-05,90.7293140888214,0.019930200651288,1.637925624847412,10.8837595
44473.0,177896.0,100.0,4.165805364664266e-06,90.73448777198792,0.0197278428822755,1.963599681854248,6.979112
45362.0,181452.0,100.0,1.2227093748151674e-05,90.82069396972656,0.0194835811853408,1.848744511604309,8.089102
46269.0,185080.0,100.0,1.0330135182812228e-05,90.8569037914276,0.0192629639059305,1.741787672042847,8.744591
47194.0,188780.0,100.0,2.449497458201222e-06,90.93276262283324,0.019013499841094,2.019280195236206,8.484116
48137.0,192552.0,100.0,5.952772653472493e-06,91.03621244430542,0.0187832918018102,1.8743469715118408,8.011969
49099.0,196400.0,100.0,1.3468973293129238e-05,91.07414484024048,0.0185792911797761,2.030780553817749,7.1485066
50080.0,200324.0,100.0,6.012874791849754e-06,91.1413848400116,0.018345134332776,1.7302911281585691,8.691273
51081.0,204328.0,100.0,2.117424372727328e-06,91.1413848400116,0.0181797873228788,2.047318458557129,6.7588515
52102.0,208412.0,100.0,1.1489352971238986e-06,91.24827980995178,0.0179077014327049,1.931699514389038,7.76019
53144.0,212580.0,100.0,1.4349805724123144e-05,91.3206934928894,0.0177434403449296,1.8246012926101685,6.9445953
54206.0,216828.0,100.0,2.272940662351175e-06,91.39310717582704,0.0175393298268318,2.298802375793457,4.826543
55290.0,221164.0,100.0,2.733879512106796e-06,91.52586460113524,0.0172496996819973,1.8893938064575195,8.633154
56395.0,225584.0,100.0,2.030725312351933e-06,91.56379699707033,0.0170665085315704,2.037353277206421,8.426401
57522.0,230092.0,100.0,3.3085630093410145e-06,91.69138669967651,0.016852967441082,1.7528740167617798,7.250281
58672.0,234692.0,100.0,6.742042387486436e-06,91.71207547187804,0.0166825074702501,1.6330299377441406,6.943637
59845.0,239384.0,100.0,3.3487884820715408e-06,91.7913854122162,0.0165134910494089,2.0963001251220703,6.6969204
61041.0,244168.0,100.0,2.1589821130874043e-06,91.88448786735536,0.0162968784570693,1.9645193815231323,6.159835
62261.0,249048.0,100.0,3.064505449401622e-06,91.98793768882751,0.0160202905535697,1.704937219619751,4.7653427
63506.0,254028.0,100.0,6.101065324060073e-07,92.0896589756012,0.0158294457942247,1.940914869308472,5.5249248
64776.0,259108.0,100.0,6.028679990777164e-06,92.21035242080688,0.0157687775790691,2.236134529113769,1.9302955
66071.0,264288.0,100.0,4.345825317386698e-07,92.28103756904602,0.0155656561255455,1.723185420036316,0.40443096
67392.0,269572.0,100.0,2.6046743872854e-08,92.29483008384705,0.0153667367994785,0.3313004672527313,3.3477361
68739.0,274960.0,100.0,2.1326071077965025e-06,92.41034984588624,0.0152819780632853,1.7609844207763672,5.636484
70113.0,280456.0,100.0,1.6648252767481608e-06,92.37241744995116,0.0153564726933836,1.8214616775512693,5.5411425
71515.0,286064.0,100.0,6.079094276856267e-07,92.41724610328674,0.0153148118406534,2.194474935531616,5.275727
72945.0,291784.0,100.0,4.2610965422795744e-08,92.47241616249084,0.0150281339883804,0.2865176498889923,8.563224
74403.0,297616.0,100.0,2.8977640909033653e-06,92.42241978645325,0.0152125321328639,1.8537368774414065,4.9975386
75891.0,303568.0,100.0,2.880685286754669e-06,92.38793849945068,0.0151842944324016,1.9968572854995728,1.5195597
77408.0,309636.0,100.0,2.0012460026919143e-06,92.37931370735168,0.0153229963034391,1.7730203866958618,3.176885
78956.0,315828.0,100.0,1.5662324983622966e-06,92.48448610305786,0.014932632446289,2.375267267227173,3.9130814
80535.0,322144.0,100.0,4.531836879095863e-07,92.47758984565736,0.0152470264583826,1.995970726013184,4.415141
82145.0,328584.0,100.0,4.090209131391021e-07,92.56552457809448,0.01491763535887,1.893264412879944,2.4128416
83787.0,335152.0,100.0,2.4191610918933293e-06,92.5034523010254,0.0151072181761264,1.6432379484176636,3.380012
85462.0,341852.0,100.0,7.586494632505494e-08,92.47414469718932,0.0151812164112925,1.5056370496749878,3.9237344
87171.0,348688.0,100.0,1.5381670825931337e-08,92.50000715255736,0.0150267444550991,0.3050056993961334,4.5816617
88914.0,355660.0,100.0,5.86554961046204e-06,92.58621335029602,0.0151025932282209,1.9382150173187256,1.7477636
90692.0,362772.0,100.0,5.449518880595861e-08,92.43103861808775,0.0152830826118588,0.4828928112983703,2.723978
92505.0,370024.0,100.0,4.49189764140101e-06,92.54828095436096,0.0149229224771261,1.3476502895355225,6.3058043
94355.0,377424.0,100.0,4.5866950237893895e-08,92.44828224182127,0.0152229936793446,1.1577942371368408,3.6209755
96242.0,384972.0,100.0,6.120389262065373e-08,92.4517273902893,0.015122408978641,2.218639373779297,4.963724
98166.0,392668.0,100.0,4.935606696676587e-07,92.4569010734558,0.0153197133913636,2.605684518814087,2.310124
0.0,4.0,11.15000043064356,380.3090591430664,11.44137978553772,264.0699462890625,,
1.0,8.0,9.750000573694706,249.7349967956543,8.925862610340118,203.01174926757807,,
2.0,12.0,8.350000344216824,176.64644622802734,8.513793349266052,146.07664489746094,,
3.0,16.0,8.450000546872616,134.52126121520996,9.541379660367966,124.39289855957033,,
4.0,20.0,9.200000204145908,115.43706893920898,9.924138337373734,106.8791275024414,,
5.0,24.0,9.750000387430193,97.02051162719728,10.096552222967148,91.1256332397461,,
6.0,28.0,9.750000573694706,82.18169021606445,9.960345178842545,81.77635955810547,,
7.0,32.0,10.550000704824924,73.29755592346191,10.29827669262886,75.3911361694336,,
8.0,36.0,10.85000056773424,66.28070259094238,11.036207526922226,68.66568756103516,,
9.0,40.0,11.000000685453417,59.576910972595215,11.596552282571793,62.94390487670898,,
10.0,44.0,11.550000682473184,54.46284198760986,11.65517270565033,58.80790328979492,,
11.0,48.0,11.700000800192356,50.4684534072876,11.529310792684557,55.28242874145508,,
12.0,52.0,11.950000375509262,46.7831916809082,11.389655619859695,52.07500076293945,,
13.0,56.0,11.700000427663326,43.47173309326172,11.336207389831545,49.49622344970703,,
14.0,60.0,11.70000061392784,40.8051872253418,11.270689964294434,47.2576904296875,,
15.0,64.0,11.800000444054604,38.37456130981445,11.327587068080902,45.15263748168945,,
16.0,68.0,12.05000076442957,36.24654197692871,11.496552079916,43.2331657409668,,
17.0,72.0,11.900000274181366,34.30686569213867,11.53448298573494,41.55884552001953,,
18.0,76.0,11.550000682473184,32.58254432678223,11.643104255199432,40.04104232788086,,
19.0,80.0,11.400000751018524,30.98677349090576,11.672414094209673,38.63323211669922,,
20.0,84.0,11.400000751018524,29.53191471099853,11.72069013118744,37.3359375,,
21.0,88.0,11.45000047981739,28.17810440063477,11.731035262346268,36.12834548950195,,
22.0,92.0,11.550000682473184,26.9531888961792,11.817242205142977,34.99359893798828,,
23.0,96.0,11.750000528991222,25.7877459526062,11.862069368362429,33.91743469238281,,
24.0,100.0,11.750000528991222,24.707369804382324,11.863793432712557,32.9100227355957,,
25.0,104.0,12.05000039190054,23.70969533920288,11.89482808113098,31.975069046020508,,
26.0,108.0,11.90000046044588,22.761090755462646,11.89655214548111,31.093725204467773,,
27.0,112.0,11.90000046044588,21.89451313018799,11.968965828418732,30.26791763305664,,
28.0,116.0,12.000000476837158,21.0643892288208,11.956897377967834,29.47579002380371,,
29.0,120.0,12.000000290572643,20.295637607574463,12.00689747929573,28.72199058532715,,
30.0,124.0,12.10000030696392,19.564340591430664,12.022414058446884,28.012266159057617,,
31.0,128.0,12.200000323355198,18.88298511505127,12.046552449464798,27.338891983032227,,
32.0,132.0,12.25000023841858,18.226121425628666,12.043104320764542,26.70808219909668,,
33.0,136.0,12.050000578165054,17.618528366088867,12.074138224124908,26.095718383789062,,
34.0,140.0,12.150000594556332,17.04210329055786,12.115518003702164,25.51339530944824,,
35.0,144.0,12.05000076442957,16.49191188812256,12.067241966724396,24.96791648864746,,
36.0,148.0,11.950000561773775,15.972188234329224,12.062069773674011,24.43997001647949,,
37.0,152.0,12.100000493228436,15.478479385375977,12.112069875001907,23.93407249450684,,
38.0,156.0,12.05000039190054,15.012661695480348,12.141379714012146,23.45818328857422,,
39.0,160.0,11.800000630319118,14.573447704315186,12.18448355793953,23.00935935974121,,
40.0,164.0,11.900000646710396,14.15184760093689,12.224138528108597,22.584482192993164,,
41.0,168.0,12.200000509619713,13.752943277359009,12.268966436386108,22.174468994140625,,
42.0,172.0,12.000000663101671,13.37353491783142,12.306897342205048,21.7768497467041,,
43.0,176.0,12.050000578165054,13.02028512954712,12.306897342205048,21.401338577270508,,
44.0,180.0,12.550000473856926,12.66926622390747,12.358621507883072,21.03681373596192,,
45.0,184.0,12.650000676512718,12.340113878250122,12.32241466641426,20.6962833404541,,
46.0,188.0,12.7000005915761,12.027334213256836,12.350000441074371,20.37304306030273,,
47.0,192.0,12.50000074505806,11.730448484420776,12.377586960792542,20.058822631835938,,
48.0,196.0,12.7000005915761,11.44159984588623,12.365517765283585,19.74806404113769,,
49.0,200.0,12.750000320374966,11.166784763336182,12.3603455722332,19.45694160461425,,
50.0,204.0,12.800000421702862,10.901612997055054,12.38793134689331,19.175199508666992,,
51.0,208.0,13.050000555813313,10.646729707717896,12.401724606752396,18.90099334716797,,
52.0,212.0,12.800000421702862,10.399922132492064,12.389656156301498,18.63998794555664,,
53.0,216.0,12.750000692903996,10.161876440048218,12.44310438632965,18.37838363647461,,
54.0,220.0,12.900000624358654,9.934320211410522,12.456896901130676,18.12613677978516,,
55.0,224.0,12.75000087916851,9.71332597732544,12.468966096639631,17.890365600585938,,
56.0,228.0,12.650000490248203,9.50527286529541,12.47069016098976,17.660770416259766,,
57.0,232.0,12.900000810623167,9.299446105957031,12.484483420848846,17.43436050415039,,
58.0,236.0,13.100000470876694,9.105231523513794,12.47069016098976,17.21602439880371,,
59.0,240.0,13.250000402331352,8.914354085922241,12.494828552007675,17.01144790649414,,
60.0,244.0,13.300000503659248,8.7284255027771,12.57241517305374,16.811939239501953,,
61.0,248.0,13.40000070631504,8.551395893096924,12.606896460056303,16.611467361450195,,
62.0,252.0,13.599999994039536,8.380218744277954,12.57241517305374,16.412961959838867,,
63.0,256.0,13.750000670552254,8.213785767555237,12.581035494804382,16.22720718383789,,
64.0,260.0,13.700000941753387,8.05338454246521,12.589655816555023,16.05120086669922,,
65.0,264.0,13.80000077188015,7.894939303398132,12.637931108474731,15.872116088867188,,
66.0,268.0,14.00000061839819,7.744081139564514,12.644828855991364,15.702333450317385,,
67.0,272.0,14.30000066757202,7.597782254219055,12.674137949943542,15.534139633178713,,
68.0,276.0,14.25000075250864,7.457636117935181,12.653449177742004,15.371132850646973,,
69.0,280.0,14.350000396370888,7.318004369735718,12.696552276611328,15.211276054382324,,
70.0,284.0,14.600000903010368,7.183655619621277,12.777586281299593,15.059151649475098,,
71.0,288.0,14.750000834465029,7.055374503135681,12.75000125169754,14.90701389312744,,
72.0,292.0,14.550000801682472,6.928490996360779,12.710344791412354,14.764097213745115,,
73.0,296.0,14.45000059902668,6.806506872177124,12.71379441022873,14.624869346618652,,
74.0,300.0,14.650000259280205,6.687361478805542,12.789656221866608,14.48362922668457,,
75.0,304.0,14.700000546872616,6.571129083633423,12.79655247926712,14.349170684814451,,
76.0,308.0,14.950000680983068,6.459661364555359,12.762069702148438,14.22267723083496,,
77.0,312.0,14.95000086724758,6.348688960075378,12.810344994068146,14.09007167816162,,
78.0,316.0,14.900001138448715,6.244586229324341,12.855173647403715,13.962669372558594,,
79.0,320.0,14.900000393390656,6.139542937278748,12.83448338508606,13.842293739318848,,
80.0,324.0,15.10000079870224,6.037140965461731,12.848275899887083,13.724456787109377,,
81.0,328.0,15.35000093281269,5.9392828941345215,12.875862419605255,13.61089324951172,,
82.0,332.0,15.35000093281269,5.843266129493713,12.858621776103972,13.49732494354248,,
83.0,336.0,15.500000678002834,5.749096274375916,12.887932360172272,13.384449005126951,,
84.0,340.0,15.600000694394112,5.658395051956177,12.894828617572784,13.26954174041748,,
85.0,344.0,15.700000710785387,5.568902373313904,12.91896551847458,13.16765594482422,,
86.0,348.0,15.700000897049904,5.480597019195557,12.88103461265564,13.06728458404541,,
87.0,352.0,15.7500009983778,5.396405935287476,12.89827674627304,12.96726131439209,,
88.0,356.0,15.900000557303429,5.314432382583618,12.924139201641085,12.870267868041992,,
89.0,360.0,15.900000557303429,5.233465194702148,12.903448939323424,12.775579452514648,,
90.0,364.0,15.900000929832458,5.155200242996216,12.922415137290956,12.683807373046877,,
91.0,368.0,15.850000455975533,5.078094005584717,12.95517235994339,12.592616081237791,,
92.0,372.0,16.15000069141388,5.002139687538147,13.00000101327896,12.505123138427734,,
93.0,376.0,16.25000089406967,4.930603384971619,12.958621978759766,12.42344856262207,,
94.0,380.0,16.300000995397568,4.858395338058472,12.968966364860536,12.337507247924805,,
95.0,384.0,16.300000622868538,4.789301514625549,12.977586686611176,12.255228996276855,,
96.0,388.0,16.500000283122063,4.720368504524231,12.962070107460022,12.178855895996094,,
97.0,392.0,16.65000058710575,4.6545729637146,12.986207008361816,12.100153923034668,,
98.0,396.0,16.65000095963478,4.587955713272095,13.018965721130373,12.021453857421877,,
99.0,400.0,17.000000923871994,4.524789214134216,13.02931159734726,11.944857597351074,,
100.0,404.0,17.05000065267086,4.462758183479309,13.0379319190979,11.871922492980955,,
102.0,412.0,17.05000065267086,4.341141223907471,13.0672425031662,11.722811698913574,,
104.0,420.0,17.150000855326653,4.2247737646102905,13.167242705821993,11.588234901428224,,
106.0,428.0,17.350000515580177,4.115015387535095,13.165518641471865,11.451167106628418,,
108.0,436.0,17.550000920891762,4.009336709976196,13.206897675991058,11.327547073364258,,
110.0,444.0,17.500000819563866,3.908651947975159,13.206897675991058,11.204453468322754,,
112.0,452.0,17.400000616908073,3.8111687302589417,13.24138045310974,11.085844993591309,,
114.0,460.0,17.900000512599945,3.717415928840637,13.255172967910768,10.96865177154541,,
116.0,468.0,18.200000375509266,3.6268951296806335,13.286207616329191,10.854792594909668,,
118.0,476.0,18.55000108480453,3.53976446390152,13.294827938079834,10.747566223144531,,
120.0,484.0,18.80000084638596,3.4558420181274414,13.320690393447876,10.643736839294434,,
122.0,492.0,18.950001150369644,3.375228881835937,13.34482878446579,10.53816032409668,,
124.0,500.0,19.300000742077827,3.2976779341697693,13.318966329097748,10.438316345214844,0.9985735416412354,12.003193
126.0,508.0,19.25000064074993,3.222326636314392,13.384483754634855,10.343429565429688,1.0931944847106934,10.496349
128.0,516.0,19.40000131726265,3.150299072265625,13.362069427967072,10.252840042114258,0.9659392833709716,9.89886
130.0,524.0,19.45000067353249,3.0807794332504272,13.382759690284727,10.162423133850098,0.9056310057640076,9.456256
132.0,532.0,19.750000536441803,3.0130594968795776,13.40000033378601,10.078774452209473,0.9492108225822448,9.16445
134.0,540.0,20.000001043081284,2.948170006275177,13.424138724803925,9.996095657348633,0.953378438949585,8.806729
136.0,548.0,20.10000087320805,2.8853938579559326,13.439655303955078,9.914780616760254,0.9509642720222472,8.520424
138.0,556.0,20.10000087320805,2.8249087929725647,13.498276472091677,9.838874816894531,0.9675617814064026,8.148706
140.0,564.0,20.150000974535946,2.7651458978652954,13.468965888023376,9.762702941894531,0.9772676825523376,7.990751
142.0,572.0,20.400000736117363,2.708450138568878,13.508620858192444,9.691143989562988,0.9301210045814514,7.8392015
144.0,580.0,20.45000120997429,2.6528900265693665,13.534483313560486,9.618860244750977,0.9462921023368835,7.576084
146.0,588.0,20.60000076889992,2.599494755268097,13.501724600791931,9.547155380249023,0.9340804815292358,7.454697
148.0,596.0,20.95000073313713,2.5474722385406494,13.53965550661087,9.482298851013184,0.986533522605896,7.13687
150.0,604.0,21.10000103712082,2.4976083636283875,13.555173575878143,9.414698600769045,0.9517055749893188,6.912758
153.0,616.0,21.50000147521496,2.4241304993629456,13.57586234807968,9.316943168640137,0.898008406162262,6.591894
156.0,628.0,21.75000086426735,2.3540473580360413,13.612069189548492,9.221555709838867,0.8663772940635681,6.505025
159.0,640.0,22.200001031160355,2.287311315536499,13.637931644916534,9.129003524780272,0.8323147892951965,6.356342
162.0,652.0,22.65000119805336,2.223135769367218,13.658621907234192,9.041510581970217,0.7869275212287903,5.9930763
165.0,664.0,23.05000089108944,2.1604257822036743,13.727587461471558,8.95461368560791,0.7873422503471375,5.8580737
168.0,676.0,23.30000102519989,2.101721227169037,13.775862753391266,8.873992919921875,0.7171139121055603,5.6671014
171.0,688.0,23.350001499056816,2.044477820396424,13.777586817741394,8.794710159301758,0.6918503046035767,5.4420767
174.0,700.0,23.70000146329403,1.9896677732467647,13.844828307628632,8.7167329788208,0.705492377281189,5.3597116
177.0,712.0,23.95000047981739,1.937596619129181,13.860344886779783,8.643949508666992,0.6879098415374756,5.111409
180.0,724.0,24.30000081658364,1.8869467377662656,13.870690762996674,8.57191276550293,0.7373704314231873,5.0872307
183.0,736.0,24.50000122189521,1.838083535432816,13.922414183616638,8.499001502990723,0.7359867095947266,5.1858516
186.0,748.0,25.15000030398369,1.790997475385666,13.962069153785706,8.434347152709961,0.7640776634216309,5.068666
189.0,760.0,25.450000911951065,1.746694415807724,13.996551930904388,8.364607810974121,0.7453977465629578,4.889684
192.0,772.0,25.45000128448009,1.7032804489135742,14.0327587723732,8.298739433288574,0.7139661312103271,4.961008
195.0,784.0,25.550001114606857,1.6613161861896515,14.07068967819214,8.239256858825684,0.8919721245765686,4.6398225
198.0,796.0,25.65000094473362,1.6215046048164368,14.07068967819214,8.17737865447998,0.820898711681366,4.7126913
201.0,808.0,26.10000148415565,1.5826500356197355,14.08793181180954,8.116303443908691,0.802636981010437,4.5371203
205.0,824.0,26.45000107586384,1.5325416028499603,14.089655876159668,8.041192054748535,0.7423849105834961,4.514846
209.0,840.0,26.95000171661377,1.4852704107761383,14.131034910678864,7.967370986938477,0.7926554679870605,4.5166054
213.0,856.0,27.800001204013824,1.4402155876159668,14.156897366046906,7.894094944000244,0.7654694318771362,4.4620314
217.0,872.0,28.600001335144043,1.3967965245246887,14.196552336215971,7.825753688812256,0.6834839582443237,4.385485
221.0,888.0,28.9000004529953,1.3553539514541626,14.213794469833374,7.757101058959961,0.7888575792312622,4.2597823
225.0,904.0,29.20000106096268,1.3157013058662417,14.21724259853363,7.693081378936768,0.7531319260597229,4.287408
229.0,920.0,29.350001364946365,1.2770395278930664,14.248277246952057,7.630459785461426,0.7380082607269287,4.028967
233.0,936.0,29.30000200867653,1.240423321723938,14.277586340904236,7.569419384002685,0.8451360464096069,4.091467
237.0,952.0,29.750001430511475,1.2053738832473757,14.305172860622406,7.51046895980835,0.6513186693191528,4.020939
241.0,968.0,30.100001394748688,1.1708646714687347,14.32069092988968,7.451816558837891,0.6442484259605408,3.9455063
245.0,984.0,30.550001561641693,1.138551950454712,14.386208355426788,7.396169185638428,0.5802538990974426,3.9455063
249.0,1000.0,31.10000118613243,1.106884628534317,14.443103969097136,7.338469982147217,0.5420026183128357,3.8468854
253.0,1016.0,31.700000911951065,1.0766492187976835,14.482758939266205,7.285615921020508,0.4867063164710998,3.9349184
258.0,1036.0,32.200001925230026,1.0403376817703247,14.539656043052672,7.219691753387451,0.5486706495285034,3.8353615
263.0,1056.0,32.45000094175339,1.0056249499320984,14.555172622203829,7.157299995422363,0.5499318838119507,3.792702
268.0,1076.0,33.30000191926956,0.9724214524030684,14.601725339889526,7.098842620849609,0.5343808531761169,3.8437154
273.0,1096.0,33.50000157952309,0.9408277869224548,14.660345017910004,7.04098653793335,0.4750743508338928,3.7541761
278.0,1116.0,34.40000116825104,0.9106824696063996,14.708621799945831,6.983867645263672,0.5404245853424072,3.907971
283.0,1136.0,34.80000123381615,0.8820042461156845,14.74655270576477,6.927959442138672,0.4384623765945434,3.7284293
288.0,1156.0,35.80000177025795,0.8541396856307983,14.772415161132812,6.874636173248291,0.4355611503124237,3.6170585
293.0,1176.0,36.30000129342079,0.8277789354324341,14.796552062034609,6.8208327293396,0.3373477756977081,3.5300233
298.0,1196.0,36.95000112056732,0.8022214025259018,14.836207032203674,6.773523807525635,0.4858241975307464,3.5453267
303.0,1216.0,37.85000219941139,0.777903363108635,14.893104135990145,6.724388122558594,0.3315739631652832,3.3606403
309.0,1240.0,38.65000158548355,0.7500247210264206,14.917242527008057,6.666505336761475,0.3472234010696411,3.0969377
315.0,1264.0,39.60000202059746,0.723613828420639,14.982759952545166,6.611473083496094,0.5670495629310608,3.0606165
321.0,1288.0,40.6500019133091,0.6984491050243378,15.000000596046448,6.5590996742248535,0.3484489023685455,2.9059596
327.0,1312.0,41.450002789497375,0.6742410361766815,15.041379630565643,6.508207321166992,0.5556657910346985,2.865379
333.0,1336.0,42.55000203847885,0.6515877991914749,15.074138343334198,6.457852840423584,0.4660243391990661,2.7667127
339.0,1360.0,43.150001764297485,0.6294155269861221,15.089656412601473,6.408958911895752,0.3501044809818268,2.802116
345.0,1384.0,43.90000179409981,0.6085832118988037,15.112069249153135,6.362689971923828,0.2643977999687195,2.6476138
351.0,1408.0,44.75000202655792,0.5883785933256149,15.170690417289734,6.315386295318604,0.343066930770874,2.4777741
358.0,1436.0,45.500002056360245,0.5659479945898056,15.151724219322205,6.265052795410156,0.4008091390132904,2.3528242
365.0,1464.0,47.00000137090683,0.5445249974727631,15.205173194408417,6.213127613067627,0.3538103997707367,2.2267056
372.0,1492.0,47.80000150203705,0.5245248228311539,15.23103564977646,6.16489315032959,0.3230823278427124,2.2599714
379.0,1520.0,49.35000315308571,0.505157358944416,15.28620719909668,6.117432117462158,0.2696219682693481,2.2150185
386.0,1548.0,50.60000270605087,0.4867317005991936,15.33275991678238,6.070728778839111,0.5105392932891846,2.203785
393.0,1576.0,51.3500027358532,0.4691381454467773,15.382759273052216,6.025304794311523,0.2591961026191711,2.0063477
400.0,1604.0,52.90000140666962,0.4524982199072838,15.420690178871157,5.981187343597412,0.3472039997577667,1.9179593
408.0,1636.0,53.8500040769577,0.4342870488762855,15.479311347007751,5.931591510772705,0.2545658051967621,1.7503242
416.0,1668.0,55.35000264644623,0.4169900640845299,15.493103861808777,5.885745048522949,0.3308042883872986,1.5755166
424.0,1700.0,56.40000402927399,0.4005463868379593,15.59138000011444,5.838359355926514,0.2605978846549988,1.7975739
432.0,1732.0,57.65000134706497,0.3850466758012771,15.632759034633636,5.794331073760986,0.2482516467571258,1.7686299
440.0,1764.0,58.5500031709671,0.370041623711586,15.700000524520874,5.749679088592529,0.4285580515861511,1.920519
448.0,1796.0,59.550003707408905,0.3558623045682907,15.73965549468994,5.706888675689697,0.2311021834611892,1.6446307
456.0,1828.0,60.30000299215317,0.3423287868499756,15.791380405426024,5.665327072143555,0.1659906804561615,1.6607319
465.0,1864.0,61.30000352859497,0.3278403431177139,15.860345959663391,5.6224775314331055,0.2551075518131256,1.4369109
474.0,1900.0,62.300002574920654,0.314099982380867,15.915517508983612,5.577113151550293,0.2689844071865082,1.6336944
483.0,1936.0,63.30000311136246,0.3008818030357361,15.941379964351654,5.536007881164551,0.2717917859554291,1.557148
492.0,1972.0,64.45000320672989,0.2885124981403351,15.989655256271362,5.49426794052124,0.2549602687358856,1.4643503
501.0,2008.0,65.60000330209732,0.2767321988940239,15.986207127571106,5.453149795532227,0.3427520990371704,1.4525086
511.0,2048.0,66.75000339746475,0.2642770521342754,16.01034551858902,5.408671855926514,0.3380833566188812,1.552979
521.0,2088.0,67.65000224113464,0.2524063102900982,16.082759201526642,5.366593360900879,0.4423958659172058,1.5411371
531.0,2128.0,68.8000038266182,0.2411872409284114,16.146552562713623,5.326054096221924,0.2301289290189743,1.4282695
541.0,2168.0,69.6000024676323,0.2305898629128933,16.162069141864777,5.285755157470703,0.2544675171375274,1.3176064
551.0,2208.0,70.55000364780426,0.2205789871513843,16.179311275482178,5.246161460876465,0.4821420311927795,1.035104
562.0,2252.0,71.80000245571136,0.2100193053483963,16.2517249584198,5.204069137573242,0.2795223295688629,1.1837375
573.0,2296.0,72.45000451803207,0.2000714056193828,16.277587413787842,5.163094997406006,0.2397204786539077,1.2257268
584.0,2340.0,74.15000349283218,0.1907954774796962,16.320690512657166,5.1230974197387695,0.2144477665424347,0.95791173
595.0,2384.0,75.30000358819962,0.1818470656871795,16.365517675876617,5.084293842315674,0.1701679229736328,1.0005549
606.0,2428.0,76.20000392198563,0.173429936170578,16.39138013124466,5.047664642333984,0.2114852964878082,1.1315783
618.0,2476.0,77.50000357627869,0.1646147258579731,16.412070393562317,5.007353782653809,0.2811373174190521,1.0291435
630.0,2524.0,78.55000495910645,0.1565233841538429,16.45517349243164,4.968776702880859,0.4100046455860138,0.8393712
642.0,2572.0,79.60000336170197,0.1487435400485992,16.541379690170288,4.932584762573242,0.3340300917625427,1.1060952
654.0,2620.0,80.80000430345535,0.141392569988966,16.55862182378769,4.896456241607666,0.2360693663358688,1.1643358
667.0,2672.0,81.80000334978104,0.1339062377810478,16.6241392493248,4.858341693878174,0.231727659702301,1.3033826
680.0,2724.0,82.8500047326088,0.126870134845376,16.693104803562164,4.819712162017822,0.2289727926254272,1.2518063
693.0,2776.0,84.05000418424606,0.1202283091843128,16.758622229099274,4.7845869064331055,0.2385214120149612,1.1752597
706.0,2828.0,84.80000495910645,0.1138988360762596,16.775862872600555,4.749282360076904,0.2188989222049713,1.3638781
720.0,2884.0,85.75000464916229,0.1075620055198669,16.834484040737152,4.711488723754883,0.2315869629383087,1.1529851
734.0,2940.0,87.0000034570694,0.1015712916851043,16.8913796544075,4.675248622894287,0.2220885455608368,0.93959665
748.0,2996.0,87.95000463724136,0.0959045942872762,16.924138367176056,4.640243053436279,0.169362187385559,0.7445142
762.0,3052.0,88.65000456571579,0.0906263310462236,16.951724886894226,4.606794357299805,0.1799232214689254,0.66414917
777.0,3112.0,89.55000638961792,0.085370672866702,17.037932574748993,4.571935653686523,0.2283475399017334,0.66840833
792.0,3172.0,90.50000458955763,0.0804161857813596,17.010346055030823,4.536391258239746,0.231089249253273,0.43876877
807.0,3232.0,91.30000472068788,0.0757592320442199,17.07758754491806,4.50369930267334,0.2935798764228821,0.34391636
823.0,3296.0,92.3500031232834,0.0710570216178894,17.11379438638687,4.467837810516357,0.2636846005916595,0.28788042
839.0,3360.0,93.20000410079956,0.066695375367999,17.118966579437256,4.433282852172852,0.2413537800312042,0.26199204
855.0,3424.0,93.95000338554382,0.0625998210161924,17.18103587627411,4.399925231933594,0.302629142999649,0.35258514
872.0,3492.0,94.50000673532486,0.0585807180032134,17.174138128757477,4.366979598999023,0.2418544143438339,0.35258514
889.0,3560.0,94.9000045657158,0.0547984950244426,17.286208271980286,4.332738399505615,0.239231452345848,0.2899349
906.0,3628.0,95.35000622272491,0.0512765813618898,17.268966138362885,4.299068927764893,0.2319836318492889,0.2937035
924.0,3700.0,95.85000425577164,0.0477430773898959,17.332759499549866,4.266872406005859,0.242445483803749,0.41223463
942.0,3772.0,96.30000442266464,0.0445106225088238,17.351725697517395,4.233841419219971,0.2668507397174835,0.34817562
960.0,3844.0,96.75000458955763,0.0415104068815708,17.39310473203659,4.201509475708008,0.2363489419221878,0.34356105
979.0,3920.0,96.95000499486925,0.0385142778977751,17.391380667686462,4.169871807098389,0.2208962440490722,0.41067562
998.0,3996.0,97.50000387430192,0.0357837192714214,17.46896654367447,4.13713264465332,0.2346479594707489,0.3707407
1017.0,4072.0,97.90000468492508,0.03320515435189,17.518965899944305,4.107170581817627,0.239102303981781,0.30824074
1037.0,4152.0,98.35000485181808,0.0307218818925321,17.582759261131287,4.074370861053467,0.2363774925470352,0.16919418
1057.0,4232.0,98.55000525712968,0.0284062521532177,17.61724203824997,4.043332576751709,0.2470839321613311,0.30824074
1078.0,4316.0,98.6000046133995,0.0261748526245355,17.698276042938232,4.010884761810303,0.2531605660915375,0.45912907
1099.0,4400.0,98.90000522136688,0.024119037669152,17.734484374523163,3.9804394245147705,0.2173943072557449,0.5033232
1120.0,4484.0,98.95000457763672,0.0221674940548837,17.798276245594025,3.949942827224731,0.2632321715354919,0.60214436
1142.0,4572.0,99.10000413656236,0.0203447435051202,17.817242443561554,3.919086217880249,0.295908123254776,0.60214436
1164.0,4660.0,99.20000433921814,0.0186362867243587,17.887932062149048,3.889739751815796,0.2418290823698043,0.7570015
1187.0,4752.0,99.45000410079956,0.0170260132290422,17.925862967967987,3.858863115310669,0.2529561817646026,0.7455148
1210.0,4844.0,99.55000430345537,0.0155347334221005,18.003448843955994,3.828789234161377,0.2534703314304352,0.6362608
1234.0,4940.0,99.6000036597252,0.0141357011161744,18.074138462543488,3.798252582550049,0.1972587555646896,0.70237446
1258.0,5036.0,99.65000450611116,0.0128587731160223,18.0982768535614,3.7677948474884033,0.2551041543483734,0.63341045
1283.0,5136.0,99.7500017285347,0.0116080832667648,18.141379952430725,3.738049983978272,0.1956640034914016,0.44840574
1308.0,5236.0,99.85000193119048,0.0104855988174676,18.196552991867065,3.709016084671021,0.1950765997171402,0.2392767
1334.0,5340.0,99.85000193119048,0.0094675819855183,18.205173313617703,3.677525997161865,0.3110632002353668,0.088388346
1360.0,5444.0,99.90000128746031,0.0084776814328506,18.263794481754303,3.6480884552001953,0.2732234895229339,0.025888346
1387.0,5552.0,99.90000128746031,0.0075845533283427,18.362070620059967,3.618229866027832,0.1813185513019561,0.0
1414.0,5660.0,99.90000128746031,0.0067711510928347,18.39655339717865,3.5879485607147217,0.2716657221317291,0.2597873
1442.0,5772.0,99.90000128746031,0.0060300861950963,18.44827681779861,3.559441566467285,0.2560245394706726,0.3784733
1470.0,5884.0,99.90000128746031,0.0053650189656764,18.49827617406845,3.5292186737060547,0.2535655498504638,0.3784733
1499.0,6000.0,100.0,0.0047182056587189,18.551725149154663,3.5002403259277344,0.2570697665214538,0.4690664
1528.0,6116.0,100.0,0.0041647946345619,18.6189666390419,3.4721899032592773,0.2727560400962829,0.3947246
1558.0,6236.0,100.0,0.0036436495720408,18.670690059661865,3.442352771759033,0.2699005305767059,0.2155931
1589.0,6360.0,100.0,0.0031503542559221,18.72069090604782,3.4130187034606934,0.1797844618558883,0.2780931
1620.0,6484.0,100.0,0.0027454554801806,18.798276782035828,3.3840036392211914,0.2716212272644043,0.13904655
1652.0,6612.0,100.0,0.0023648135829716,18.87241452932357,3.355001211166382,0.2009284645318985,0.10669418
1685.0,6744.0,100.0,0.0020271934918127,18.9155176281929,3.325949192047119,0.2796856462955475,0.10669418
1718.0,6876.0,100.0,0.0017636761185713,19.01379376649857,3.2964751720428467,0.2499203383922577,0.19508253
1752.0,7012.0,100.0,0.0014637411222793,19.10517364740372,3.267594575881958,0.2014202773571014,0.46559313
1787.0,7152.0,100.0,0.0012308770092204,19.13448423147201,3.2383816242218018,0.1993461847305297,0.3524349
1822.0,7292.0,100.0,0.0010312492522643,19.19482797384262,3.209934949874878,0.1978158056735992,0.24574073
1858.0,7436.0,100.0,0.0008768326370045,19.2586213350296,3.180773496627808,0.2493550181388855,0.05065821
1895.0,7584.0,100.0,0.0007158544030971,19.339656829833984,3.1521785259246826,0.196780726313591,0.18544549
1932.0,7732.0,100.0,0.0005807817506138,19.429311156272888,3.1231610774993896,0.2508015632629394,0.30618623
1970.0,7884.0,100.0,0.0005009315063944,19.49827671051025,3.0942835807800293,0.2298621386289596,0.27383384
2009.0,8040.0,100.0,0.0004188571765553,19.58620846271515,3.064476251602173,0.2422284036874771,0.14662907
2049.0,8200.0,100.0,0.0003577144598239,19.625863432884216,3.034030675888061,0.2447844445705413,0.088388346
2089.0,8360.0,100.0,0.0004856997984461,19.71724182367325,3.003813982009888,0.2705486714839935,0.0
2130.0,8524.0,100.0,0.0008472802728647,19.775862991809845,2.971226692199707,0.9067476391792296,0.4213989
2172.0,8692.0,100.0,0.0008945403678808,19.85862106084824,2.931684255599976,1.3989814519882202,1.9619886
2215.0,8864.0,100.0,0.000966223393334,19.93448436260224,2.894629955291748,1.4497472047805786,3.6199884
2259.0,9040.0,100.0,0.0013378615840338,20.103448629379272,2.8556156158447266,1.113688588142395,3.967265
2304.0,9220.0,100.0,0.0011607626802287,20.15344947576523,2.797583103179932,1.5752748250961304,5.567658
2350.0,9404.0,100.0,0.0001610010840522,20.2051728963852,2.771622657775879,0.1704574823379516,4.257215
2397.0,9592.0,100.0,0.0006539430323755,20.191380381584167,2.739673376083374,0.256031185388565,2.8125215
2444.0,9780.0,100.0,0.0023882155655883,20.42931169271469,2.665473699569702,1.5816640853881836,4.3796034
2492.0,9972.0,100.0,0.0019045695662498,20.56896686553955,2.630434513092041,1.1208854913711548,5.8961644
2541.0,10168.0,100.0,0.0037125087110325,20.525863766670227,2.5658345222473145,1.5493987798690796,8.087447
2591.0,10368.0,100.0,0.0016004921053536,20.77241539955139,2.512283563613892,1.5690557956695557,8.156252
2642.0,10572.0,100.0,0.0011712460254784,20.906896889209747,2.471953868865967,1.4875794649124146,7.810445
2694.0,10780.0,100.0,0.0038821680936962,20.93103528022766,2.409423828125,1.7576574087142944,6.9700937
2747.0,10992.0,100.0,0.0014067589654587,21.29310518503189,2.3503899574279785,1.405029296875,9.309059
2801.0,11208.0,100.0,0.0030303905950859,21.268966794013977,2.305201768875122,1.5434856414794922,9.961481
2857.0,11432.0,100.0,0.0037868590443395,21.70862108469009,2.221982479095459,1.6511046886444092,9.032937
2914.0,11660.0,100.0,0.0008911788318073,21.71724289655685,2.1674001216888428,1.3488527536392212,10.271007
2972.0,11892.0,100.0,0.0026676537818275,21.84827625751496,2.1214804649353027,1.4852389097213743,8.047611
3031.0,12128.0,100.0,0.0019404612539801,22.20862209796905,2.038421630859375,1.6442205905914309,8.881388
3091.0,12368.0,100.0,0.0011279289610683,22.33275920152664,1.9996485710144043,1.241492509841919,9.480478
3152.0,12612.0,100.0,0.0037350674974732,22.69482910633087,1.9237287044525144,1.9078997373580933,9.46059
3215.0,12864.0,100.0,0.0032839432242326,22.86896705627441,1.8570650815963743,1.8529067039489744,11.335582
3279.0,13120.0,100.0,0.0009868920024018,23.15517365932465,1.7965257167816162,1.551728129386902,10.316324
3344.0,13380.0,100.0,0.0031376871047541,23.58793169260025,1.7312407493591309,1.7516037225723269,10.592731
3410.0,13644.0,100.0,0.0015508035430684,23.674139380455017,1.6758177280426023,1.5030691623687744,10.798288
3478.0,13916.0,100.0,0.0032078705844469,23.95000159740448,1.6108267307281494,1.7715791463851929,11.059095
3547.0,14192.0,100.0,0.0007730409997748,24.24827665090561,1.5523133277893066,1.3620421886444092,11.600771
3617.0,14472.0,100.0,0.0037967534153722,24.5724156498909,1.4970908164978027,1.612860083580017,10.057207
3689.0,14760.0,100.0,0.0010495452879695,24.95345026254654,1.43852961063385,1.6417503356933594,10.560589
3762.0,15052.0,100.0,0.0010963988024741,25.4189670085907,1.369115948677063,1.8121427297592163,10.368578
3837.0,15352.0,100.0,0.0015988812665455,25.79827606678009,1.324756741523743,1.6598548889160156,11.475693
3913.0,15656.0,100.0,0.0017834017635323,26.06724202632904,1.2616856098175049,1.6850316524505615,12.6135025
3991.0,15968.0,100.0,0.0008264737116405,26.44827663898468,1.2164863348007202,1.4759801626205444,11.001842
4070.0,16284.0,100.0,0.0013696311216335,27.044829726219177,1.150439739227295,1.6514018774032593,11.055185
4151.0,16608.0,100.0,0.0023522175615653,27.36896574497223,1.104053258895874,1.766566276550293,11.9095955
4234.0,16940.0,100.0,0.0005558603443205,27.87413895130157,1.056557297706604,1.3923465013504028,11.564985
4318.0,17276.0,100.0,0.0026822595391422,28.35344970226288,1.002613544464111,1.831300139427185,10.225874
4404.0,17620.0,100.0,0.0008414098556386,28.72931063175201,0.961125671863556,1.417449712753296,12.245298
4492.0,17972.0,100.0,0.0007092858577379,29.59827780723572,0.9114961624145508,1.7953472137451172,11.04917
4581.0,18328.0,100.0,0.0014876809145789,29.889658093452454,0.869251012802124,1.753246784210205,10.710306
4672.0,18692.0,100.0,0.0017692585824988,30.43965697288513,0.8279513120651245,2.055243968963623,11.276058
4765.0,19064.0,100.0,0.0009898441057885,30.870690941810608,0.7891474366188049,1.703521490097046,10.420822
4860.0,19444.0,100.0,0.0006613611185457,31.579312682151794,0.7480443716049194,1.6400275230407717,11.343187
4957.0,19832.0,100.0,0.0004355488563305,32.38275945186615,0.7090762853622437,1.786787033081055,11.117653
5056.0,20228.0,100.0,0.0005975280510028,32.917243242263794,0.6730011105537415,1.8693491220474243,11.649431
5157.0,20632.0,100.0,0.0004742285382235,33.743104338645935,0.6375672221183777,1.6374993324279783,12.677109
5260.0,21044.0,100.0,0.0006676370248897,34.6465528011322,0.6000339388847351,1.6619499921798706,12.020464
5365.0,21464.0,100.0,0.0009398563415743,35.14138162136078,0.5726421475410461,1.7621972560882568,10.415052
5472.0,21892.0,100.0,0.0003228187997592,35.98620891571045,0.5373392105102539,1.591808795928955,12.739925
5581.0,22328.0,100.0,0.0007276275282492,36.95517480373383,0.5060439705848694,1.793532133102417,9.945777
5692.0,22772.0,100.0,0.0010461079800734,37.63103783130646,0.4799101948738098,1.834120750427246,11.120853
5805.0,23224.0,100.0,0.0006618823099415,38.48448395729065,0.4562757015228271,1.8684048652648928,11.379948
5921.0,23688.0,100.0,0.0003389156117918,39.41207230091095,0.4288447797298431,1.5337626934051514,13.55137
6039.0,24160.0,100.0,0.0004142247125855,40.50000309944153,0.4048746526241302,1.66193425655365,12.276836
6159.0,24640.0,100.0,0.0005357762274798,41.35172665119171,0.3830686807632446,2.0062923431396484,12.317895
6282.0,25132.0,100.0,0.0004755076224682,42.415520548820496,0.3608426749706268,1.9422956705093384,12.246805
6407.0,25632.0,100.0,0.0005311855857144,43.25517416000366,0.3389599621295929,1.6165276765823364,14.191888
6535.0,26144.0,100.0,0.0005065231671324,44.28103566169739,0.3203052282333374,1.9312747716903689,12.089132
6665.0,26664.0,100.0,0.0008993658120743,45.45862376689911,0.3004199862480163,1.786601424217224,11.10623
6798.0,27196.0,100.0,0.000419625568611,46.60172760486603,0.2842741906642914,1.6068975925445557,11.258247
6933.0,27736.0,100.0,0.0003746804504771,47.57069349288941,0.2685211896896362,1.64801025390625,11.560015
7071.0,28288.0,100.0,0.0005427578726084,48.61207008361816,0.2523032128810882,1.5972371101379397,11.941191
7212.0,28852.0,100.0,0.00053816534637,49.97758865356445,0.2378040999174118,1.9585992097854608,11.363928
7356.0,29428.0,100.0,0.0002737554095801,51.12069249153137,0.2247128039598465,1.5556014776229858,12.277173
7503.0,30016.0,100.0,0.0002784939861157,52.09482908248901,0.2112486213445663,1.655215620994568,12.449458
7653.0,30616.0,100.0,0.0002338785379834,53.23103666305542,0.2010389864444732,1.7197614908218384,10.939411
7806.0,31228.0,100.0,0.0002612063690321,54.45517301559448,0.1882155537605285,1.5863924026489258,13.453138
7962.0,31852.0,100.0,0.0002525034542486,55.50000071525574,0.177961990237236,1.6536906957626345,11.548973
8121.0,32488.0,100.0,0.0002456480906403,56.73448443412781,0.1684311479330063,1.7169142961502075,11.313276
8283.0,33136.0,100.0,0.0002564684800745,57.75517821311951,0.1598121970891952,1.7245702743530271,10.407846
8448.0,33796.0,100.0,0.000219087145524,59.16379690170288,0.1501233130693435,1.7028487920761108,13.758888
8616.0,34468.0,100.0,0.0001193813059217,60.31034588813782,0.1423869878053665,1.861846685409546,12.410151
8788.0,35156.0,100.0,0.0001264590136997,61.49310469627381,0.1351122707128524,1.790924072265625,12.9338255
8963.0,35856.0,100.0,0.0001575694404891,62.51552104949951,0.1277485787868499,1.7129697799682615,14.747233
9142.0,36572.0,100.0,0.0001887980797619,63.627588748931885,0.1213225126266479,1.6076403856277466,13.425928
9324.0,37300.0,100.0,0.0001564645499456,64.63793516159058,0.1157079488039016,2.248459577560425,12.582689
9510.0,38044.0,100.0,0.0001880205709312,65.69827795028687,0.1102552190423011,2.1291937828063965,10.548927
9700.0,38804.0,100.0,0.0001983471047424,66.95517301559448,0.1042614057660102,1.769103765487671,11.783466
9894.0,39580.0,100.0,0.0001287415816477,67.88793206214905,0.099607802927494,1.7230414152145386,13.112335
10091.0,40368.0,100.0,0.0001052325496857,68.73620748519897,0.0951697528362274,1.5478523969650269,11.664017
10292.0,41172.0,100.0,0.000247165949986,69.72586512565613,0.0908050388097763,1.816311597824097,12.489494
10497.0,41992.0,100.0,9.432487786398268e-05,70.71034908294678,0.086361363530159,1.949458599090576,13.1961775
10706.0,42828.0,100.0,9.69928387348773e-05,71.56034708023071,0.0828296840190887,1.7934108972549438,13.978926
10920.0,43684.0,100.0,8.951037307269871e-05,72.41035103797913,0.0792744904756546,1.586548924446106,11.378065
11138.0,44556.0,100.0,0.0001382082664349,73.25173020362854,0.0761190876364708,1.8513692617416384,13.881148
11360.0,45444.0,100.0,0.0001272006520594,74.08103942871094,0.0729673951864242,1.5953333377838137,12.119042
11587.0,46352.0,100.0,0.0001052266834449,74.78276491165161,0.0700897425413131,1.7962534427642822,12.919336
11818.0,47276.0,100.0,6.203704469953664e-05,75.58965682983398,0.067179299890995,1.6056820154190063,13.479532
12054.0,48220.0,100.0,0.0001104783041228,76.31379961967468,0.0646820589900016,1.702824950218201,11.504117
12295.0,49184.0,100.0,6.53133411105955e-05,76.86379551887512,0.0624451600015163,1.7554882764816284,12.418732
12540.0,50164.0,100.0,6.610543277929537e-05,77.60345339775085,0.0600966475903987,1.5954667329788208,12.646863
12790.0,51164.0,100.0,9.413527550350408e-05,78.25345396995544,0.0579902082681655,1.9206291437149048,12.806026
13045.0,52184.0,100.0,7.001052290434018e-05,78.81379723548889,0.0561068579554557,1.672796607017517,11.608534
13305.0,53224.0,100.0,0.0001055447846738,79.4068992137909,0.0542224235832691,1.737772822380066,12.759317
13571.0,54288.0,100.0,6.480161573563237e-05,80.03103733062744,0.0525004193186759,1.795608639717102,10.965934
13842.0,55372.0,100.0,8.307648386107758e-05,80.4879367351532,0.0508078932762146,1.6175858974456787,12.010443
14118.0,56476.0,100.0,9.651961954659782e-05,81.00690245628357,0.0493591278791427,1.629310965538025,12.087517
14400.0,57604.0,100.0,8.46459861350013e-05,81.56207203865051,0.0478307344019413,1.5533682107925415,12.536354
14688.0,58756.0,100.0,8.49126918183174e-05,82.00172781944275,0.0465172827243804,1.613222360610962,12.603945
14981.0,59928.0,100.0,5.723349659092492e-05,82.47069120407104,0.0451655648648738,1.6464030742645264,12.363226
15280.0,61124.0,100.0,3.0910778150428087e-05,82.88793563842773,0.0439522825181484,1.604291319847107,12.471569
15585.0,62344.0,100.0,6.299768665485317e-05,83.33966135978699,0.0427631810307502,1.676180362701416,11.480593
15896.0,63588.0,100.0,7.342313620029017e-05,83.72414112091064,0.041628461331129,1.83833909034729,12.785785
16213.0,64856.0,100.0,0.0001161394739028,84.03621315956116,0.0406918115913867,1.820950627326965,12.312578
16537.0,66152.0,100.0,1.2283215028219274e-05,84.37069654464722,0.0395817756652832,1.5041537284851074,12.876824
16867.0,67472.0,100.0,2.043623635472613e-05,84.75517630577087,0.0386531241238117,1.7701376676559448,11.861297
17204.0,68820.0,100.0,8.907794290280435e-05,85.118967294693,0.0377501472830772,1.6330235004425049,13.000854
17548.0,70196.0,100.0,8.106941822916269e-05,85.35517454147339,0.036925159394741,1.7554429769515991,12.925638
17898.0,71596.0,100.0,1.478310377933667e-05,85.6086254119873,0.036037441343069,1.6385457515716553,13.150091
18255.0,73024.0,100.0,3.583128727768781e-05,85.88793277740479,0.035270657390356,1.811572551727295,11.028652
18620.0,74484.0,100.0,1.2534264214991708e-05,86.19138598442078,0.0344944968819618,1.8601188659667969,13.24571
18992.0,75972.0,100.0,7.037192153802607e-05,86.3827645778656,0.0337851233780384,1.5385106801986694,8.647673
19371.0,77488.0,100.0,7.89682496815658e-06,86.62759065628052,0.0331322886049747,1.8153297901153564,11.552496
19758.0,79036.0,100.0,7.923995326564182e-06,86.85517907142639,0.0324402339756488,1.5342330932617188,10.988406
20153.0,80616.0,100.0,1.595245180396887e-05,87.00862526893616,0.0318818241357803,1.8295377492904663,9.665941
20556.0,82228.0,100.0,5.685253313458816e-06,87.31724619865417,0.0312361605465412,1.437880039215088,10.671129
20967.0,83872.0,100.0,4.6796549781902286e-06,87.46207356452942,0.0306863356381654,1.6947271823883057,11.57628
21386.0,85548.0,100.0,2.589926589280367e-05,87.65690326690674,0.0301426500082016,1.6622737646102903,12.345641
21813.0,87256.0,100.0,1.2670552678173408e-05,87.77931332588196,0.0296254884451627,1.891757130622864,13.440292
22249.0,89000.0,100.0,2.0133146790612955e-05,87.90862560272217,0.0291454512625932,1.64264976978302,12.442419
22693.0,90776.0,100.0,1.5413113942486234e-05,88.07241916656494,0.0286677740514278,1.6707472801208496,12.585226
23146.0,92588.0,100.0,3.29938857248635e-05,88.17414045333862,0.0282882656902074,1.5595229864120483,11.565662
23608.0,94436.0,100.0,1.8823516029442544e-05,88.30690383911133,0.0278158523142337,1.8273519277572632,12.831535
24080.0,96324.0,100.0,3.983981969213346e-05,88.43793272972107,0.027382206171751,1.5806584358215332,9.320126
24561.0,98248.0,100.0,8.89923012437066e-06,88.51207494735718,0.0269836522638797,1.4861665964126587,11.954538
25052.0,100212.0,100.0,1.382463028676284e-05,88.61896991729736,0.0266299434006214,1.5737271308898926,9.6192875
25553.0,102216.0,100.0,2.2975609681452624e-05,88.78620862960815,0.0262049175798892,2.0827713012695312,10.584517
26064.0,104260.0,100.0,2.719945723583805e-05,88.88965845108032,0.0258225090801715,1.720920443534851,7.8033924
26585.0,106344.0,100.0,1.9310223251522984e-05,88.88965845108032,0.0255658701062202,1.741380214691162,12.437864
27116.0,108468.0,100.0,6.344961639115354e-05,89.00862336158752,0.0251617897301912,1.6781830787658691,9.256374
27658.0,110636.0,100.0,3.0355296985362656e-05,89.08793330192566,0.024873161688447,1.9912456274032595,8.500946
28211.0,112848.0,100.0,9.178269692711185e-06,89.20173048973083,0.0244664903730154,1.674008011817932,11.754391
28775.0,115104.0,100.0,9.04038472526736e-06,89.28965926170349,0.0241359136998653,1.9745720624923704,10.967645
29350.0,117404.0,100.0,6.590157909158734e-06,89.39310908317566,0.0238449331372976,1.7606974840164185,9.664865
29937.0,119752.0,100.0,3.346210087329382e-05,89.56207633018494,0.0235543884336948,1.8313466310501096,6.0045958
30535.0,122144.0,100.0,5.672098950526561e-06,89.53448534011841,0.0232017338275909,1.999876976013184,10.849468
31145.0,124584.0,100.0,1.654764730574243e-06,89.65000510215759,0.0229013618081808,1.5618361234664917,10.342955
31767.0,127072.0,100.0,1.5783392200319213e-05,89.72414135932922,0.0226706303656101,1.7936875820159912,10.643949
32402.0,129612.0,100.0,1.0513331744732568e-05,89.83966112136841,0.0223170761018991,1.704151630401611,9.658897
33050.0,132204.0,100.0,8.851095344653004e-06,89.94483351707458,0.0220695827156305,1.5592381954193115,9.67757
33711.0,134848.0,100.0,1.7536560335429385e-05,90.0017261505127,0.0218395162373781,1.7111085653305054,10.318571
34385.0,137544.0,100.0,7.749741257612186e-06,90.14310836791992,0.0214973669499158,2.107706546783448,9.419957
35072.0,140292.0,100.0,7.061609608172148e-06,90.17241597175598,0.0212677028030157,1.8570764064788816,8.653842
35773.0,143096.0,100.0,5.117396653986361e-06,90.2482807636261,0.0210550967603921,1.7599003314971924,11.418936
36488.0,145956.0,100.0,9.8798050203186e-06,90.3086245059967,0.0207949914038181,1.6254768371582031,11.46199
37217.0,148872.0,100.0,5.79510708575981e-06,90.4310405254364,0.0205802880227565,1.8084481954574585,8.866948
37961.0,151848.0,100.0,1.862202634583809e-05,90.40000438690186,0.0204040724784135,1.906141757965088,8.812803
38720.0,154884.0,100.0,8.15103885543067e-06,90.46897292137146,0.020166864618659,1.827398538589477,6.056136
39494.0,157980.0,100.0,4.091790515303728e-06,90.52414298057556,0.019940236583352,2.028939008712769,9.881748
40283.0,161136.0,100.0,9.744802355271531e-06,90.56034684181212,0.0197826214134693,1.6304166316986084,9.558355
41088.0,164356.0,100.0,1.092787283596408e-05,90.63276052474976,0.0195517428219318,1.6652899980545044,7.9259634
41909.0,167640.0,100.0,8.214330819100724e-06,90.72069525718688,0.0192936547100543,1.8605667352676392,7.6438794
42747.0,170992.0,100.0,3.016416144419054e-06,90.77242016792296,0.0191122312098741,1.7635163068771362,7.8213663
43601.0,174408.0,100.0,1.7795147869037464e-05,90.86724519729614,0.0188792813569307,1.8125652074813845,6.846711
44473.0,177896.0,100.0,5.728646669922455e-06,90.9586250782013,0.0186986066401004,1.816811800003052,8.068902
45362.0,181452.0,100.0,1.1007474086000002e-05,90.97414016723631,0.0185510646551847,1.778072476387024,8.939774
46269.0,185080.0,100.0,3.2016291697800625e-06,91.04310870170592,0.0183425620198249,2.207028150558472,9.293995
47194.0,188780.0,100.0,4.732464390144742e-06,91.1396622657776,0.0181425251066684,2.0075793266296387,8.201628
48137.0,192552.0,100.0,1.918467660289025e-06,91.12241864204408,0.0179716739803552,1.7309143543243408,6.7011123
49099.0,196400.0,100.0,3.0406916948777507e-06,91.19310975074768,0.0177398137748241,1.9498913288116453,8.156609
50080.0,200324.0,100.0,6.734873210234582e-07,91.28793478012084,0.0175295304507017,1.803516507148743,8.60391
51081.0,204328.0,100.0,4.484304099605652e-06,91.37586951255798,0.0173979699611663,1.917388677597046,4.8550816
52102.0,208412.0,100.0,2.192483208318663e-06,91.41724705696106,0.0171950627118349,1.9496921300888064,9.067406
53144.0,212580.0,100.0,1.7033368351349054e-06,91.4965569972992,0.0170262400060892,2.177363634109497,7.7264137
54206.0,216828.0,100.0,3.358404285336292e-06,91.57758951187134,0.0168940126895904,1.941643595695496,6.1239066
55290.0,221164.0,100.0,8.153095222951379e-06,91.58793687820436,0.0167133454233407,1.921300172805786,5.214966
56395.0,225584.0,100.0,4.052060589287976e-07,91.68621301651,0.0164971090853214,1.80008065700531,7.4122605
57522.0,230092.0,100.0,5.982121138004004e-06,91.71724319458008,0.0163853149861097,2.319946050643921,3.437293
58672.0,234692.0,100.0,3.016068660599558e-06,91.74655675888062,0.0161981787532567,2.091740846633911,5.904971
59845.0,239384.0,100.0,6.290277724474436e-06,91.89138412475586,0.0160937737673521,1.8248440027236936,3.613891
61041.0,244168.0,100.0,4.973454451828729e-06,91.9241428375244,0.0160974953323602,1.520509958267212,6.034011
62261.0,249048.0,100.0,2.764369412489032e-06,91.94828271865843,0.0160965137183666,1.6888880729675293,4.5612717
63506.0,254028.0,100.0,5.194490881876845e-07,92.01552271842957,0.0159178040921688,1.9404338598251345,6.2702327
64776.0,259108.0,100.0,1.468024919404343e-07,92.00517535209656,0.0158781502395868,0.6690764427185059,0.43052924
66071.0,264288.0,100.0,4.089510952098864e-07,92.06035137176514,0.0158563237637281,2.0951573848724365,6.0284023
67392.0,269572.0,100.0,5.005689104109479e-06,92.0362114906311,0.01592075265944,1.9248725175857544,2.3984213
68739.0,274960.0,100.0,6.228438098609956e-09,92.11379885673524,0.0157147198915481,0.4009979665279388,0.12791544
70113.0,280456.0,100.0,2.5864961230581685e-06,92.0913815498352,0.0158421732485294,2.423813343048096,1.8986194
71515.0,286064.0,100.0,1.24682840407786e-06,92.04828143119812,0.0157806910574436,1.6831772327423096,4.802038
72945.0,291784.0,100.0,5.719882210541982e-06,92.08104014396667,0.0159917492419481,1.6605751514434814,3.7938309
74403.0,297616.0,100.0,1.1735443194993422e-06,91.95517897605896,0.0162464212626218,2.112872838973999,4.55793
75891.0,303568.0,100.0,1.865719809757138e-06,91.9120728969574,0.0162252262234687,1.7028321027755735,2.9844823
77408.0,309636.0,100.0,3.764290070762401e-07,91.84655547142027,0.0163188744336366,1.9856302738189693,3.194714
78956.0,315828.0,100.0,3.542521054278324e-09,91.87586903572084,0.0160756297409534,0.394780158996582,5.1899366
80535.0,322144.0,100.0,1.4565954700174188e-06,91.87759160995483,0.0162801761180162,1.6970292329788208,3.9361613
82145.0,328584.0,100.0,1.254899046898572e-06,91.74655675888062,0.0164274480193853,2.2281031608581543,2.6921349
83787.0,335152.0,100.0,3.5970339240520843e-06,91.93965792655943,0.0162040721625089,1.7773059606552124,2.8063266
85462.0,341852.0,100.0,6.065461466420174e-08,91.92586541175842,0.0159677136689424,1.802568435668945,9.117275
87171.0,348688.0,100.0,3.1100991577659443e-06,91.79655909538268,0.0164713561534881,2.044218778610229,1.5545423
88914.0,355660.0,100.0,3.3567483370688933e-07,91.76896810531616,0.016656756401062,2.370943784713745,2.8083048
90692.0,362772.0,100.0,2.1044553122351322e-07,91.76380038261414,0.0165732000023126,2.5469799041748047,2.8354962
92505.0,370024.0,100.0,9.0298000188227e-08,91.83621406555176,0.0163713879883289,1.9065645933151243,3.830749
94355.0,377424.0,100.0,6.810378394561667e-08,91.85000658035278,0.0162716191262006,0.6282904744148254,3.0411696
96242.0,384972.0,100.0,3.120891634011969e-07,91.78103804588318,0.016389150172472,2.468068122863769,0.74715936
98166.0,392668.0,100.0,2.967897430039557e-07,91.83965921401978,0.0162727050483226,2.08559513092041,2.4664412
